﻿hitid,hittypeid,title,description,keywords,reward,creationtime,assignments,numavailable,numpending,numcomplete,hitstatus,reviewstatus,annotation,assignmentduration,autoapprovaldelay,hitlifetime,viewhit,assignmentid,workerid,assignmentstatus,autoapprovaltime,assignmentaccepttime,assignmentsubmittime,assignmentapprovaltime,assignmentrejecttime,deadline,feedback,reject
3WJGKMRWVI9L0ARR9VU4U5TG12DCDY,3S942EFUVJDXQLKG9BRR77GMILFJEA,Betting Game,"This HIT takes about 20 minutes. You will a series of betting games. You will decide which bet to make based on observing possible outcomes for different bets. This pays $0.25 plus a bonus of up to $9.99, based on your winnings.","experiment, decision-making, reward-maximization",$0.25 ,Sat Mar 24 13:41:31 PDT 2018,100,0,0,100,Reviewable,NotReviewed,https://cocosci.berkeley.edu/mturk/paul/mouselab_journalArticle/index.html,7200,5,Sat Apr 07 13:41:31 PDT 2018,https://requester.mturk.com/mturk/manageHIT?HITId=3WJGKMRWVI9L0ARR9VU4U5TG12DCDY,33LK57MYLT57XCJDO2E3PMBP2LPZS1,A2HSCKH5NKN5LP,Approved,Sat Mar 24 13:55:33 PDT 2018,Sat Mar 24 13:42:46 PDT 2018,Sat Mar 24 13:55:28 PDT 2018,Sat Mar 24 13:55:37 PDT 2018,,,,
3WJGKMRWVI9L0ARR9VU4U5TG12DCDY,3S942EFUVJDXQLKG9BRR77GMILFJEA,Betting Game,"This HIT takes about 20 minutes. You will a series of betting games. You will decide which bet to make based on observing possible outcomes for different bets. This pays $0.25 plus a bonus of up to $9.99, based on your winnings.","experiment, decision-making, reward-maximization",$0.25 ,Sat Mar 24 13:41:31 PDT 2018,100,0,0,100,Reviewable,NotReviewed,https://cocosci.berkeley.edu/mturk/paul/mouselab_journalArticle/index.html,7200,5,Sat Apr 07 13:41:31 PDT 2018,https://requester.mturk.com/mturk/manageHIT?HITId=3WJGKMRWVI9L0ARR9VU4U5TG12DCDY,3MD9PLUKKIEAHZR8G6XHQS1JFMHZNP,A8RDXT4ZILHQT,Approved,Sat Mar 24 13:55:50 PDT 2018,Sat Mar 24 13:42:32 PDT 2018,Sat Mar 24 13:55:45 PDT 2018,Sat Mar 24 13:56:37 PDT 2018,,,,
3WJGKMRWVI9L0ARR9VU4U5TG12DCDY,3S942EFUVJDXQLKG9BRR77GMILFJEA,Betting Game,"This HIT takes about 20 minutes. You will a series of betting games. You will decide which bet to make based on observing possible outcomes for different bets. This pays $0.25 plus a bonus of up to $9.99, based on your winnings.","experiment, decision-making, reward-maximization",$0.25 ,Sat Mar 24 13:41:31 PDT 2018,100,0,0,100,Reviewable,NotReviewed,https://cocosci.berkeley.edu/mturk/paul/mouselab_journalArticle/index.html,7200,5,Sat Apr 07 13:41:31 PDT 2018,https://requester.mturk.com/mturk/manageHIT?HITId=3WJGKMRWVI9L0ARR9VU4U5TG12DCDY,3X08E93BHVI0M415FKEPRJM2FSW66W,A0017268R9SKD8U2Y3F,Approved,Sat Mar 24 13:57:25 PDT 2018,Sat Mar 24 13:42:10 PDT 2018,Sat Mar 24 13:57:20 PDT 2018,Sat Mar 24 13:57:37 PDT 2018,,,,
3WJGKMRWVI9L0ARR9VU4U5TG12DCDY,3S942EFUVJDXQLKG9BRR77GMILFJEA,Betting Game,"This HIT takes about 20 minutes. You will a series of betting games. You will decide which bet to make based on observing possible outcomes for different bets. This pays $0.25 plus a bonus of up to $9.99, based on your winnings.","experiment, decision-making, reward-maximization",$0.25 ,Sat Mar 24 13:41:31 PDT 2018,100,0,0,100,Reviewable,NotReviewed,https://cocosci.berkeley.edu/mturk/paul/mouselab_journalArticle/index.html,7200,5,Sat Apr 07 13:41:31 PDT 2018,https://requester.mturk.com/mturk/manageHIT?HITId=3WJGKMRWVI9L0ARR9VU4U5TG12DCDY,3OLQQLKKNSPGNE9R5LRCCBJKIW4JE0,A1OBB3PWYWK9KK,Approved,Sat Mar 24 13:57:39 PDT 2018,Sat Mar 24 13:42:17 PDT 2018,Sat Mar 24 13:57:34 PDT 2018,Sat Mar 24 13:58:37 PDT 2018,,,,
3WJGKMRWVI9L0ARR9VU4U5TG12DCDY,3S942EFUVJDXQLKG9BRR77GMILFJEA,Betting Game,"This HIT takes about 20 minutes. You will a series of betting games. You will decide which bet to make based on observing possible outcomes for different bets. This pays $0.25 plus a bonus of up to $9.99, based on your winnings.","experiment, decision-making, reward-maximization",$0.25 ,Sat Mar 24 13:41:31 PDT 2018,100,0,0,100,Reviewable,NotReviewed,https://cocosci.berkeley.edu/mturk/paul/mouselab_journalArticle/index.html,7200,5,Sat Apr 07 13:41:31 PDT 2018,https://requester.mturk.com/mturk/manageHIT?HITId=3WJGKMRWVI9L0ARR9VU4U5TG12DCDY,3PDJHANYK5GGJTLMB35TOABSO6CH68,A2YAYHZYI7M3HD,Approved,Sat Mar 24 13:58:03 PDT 2018,Sat Mar 24 13:43:34 PDT 2018,Sat Mar 24 13:57:58 PDT 2018,Sat Mar 24 13:58:37 PDT 2018,,,,
3WJGKMRWVI9L0ARR9VU4U5TG12DCDY,3S942EFUVJDXQLKG9BRR77GMILFJEA,Betting Game,"This HIT takes about 20 minutes. You will a series of betting games. You will decide which bet to make based on observing possible outcomes for different bets. This pays $0.25 plus a bonus of up to $9.99, based on your winnings.","experiment, decision-making, reward-maximization",$0.25 ,Sat Mar 24 13:41:31 PDT 2018,100,0,0,100,Reviewable,NotReviewed,https://cocosci.berkeley.edu/mturk/paul/mouselab_journalArticle/index.html,7200,5,Sat Apr 07 13:41:31 PDT 2018,https://requester.mturk.com/mturk/manageHIT?HITId=3WJGKMRWVI9L0ARR9VU4U5TG12DCDY,3IO1LGZLK9XNQIKT8ZBNBXITLNM68I,A1B592DM38HTL4,Approved,Sat Mar 24 13:58:07 PDT 2018,Sat Mar 24 13:42:09 PDT 2018,Sat Mar 24 13:58:02 PDT 2018,Sat Mar 24 13:58:37 PDT 2018,,,,
3WJGKMRWVI9L0ARR9VU4U5TG12DCDY,3S942EFUVJDXQLKG9BRR77GMILFJEA,Betting Game,"This HIT takes about 20 minutes. You will a series of betting games. You will decide which bet to make based on observing possible outcomes for different bets. This pays $0.25 plus a bonus of up to $9.99, based on your winnings.","experiment, decision-making, reward-maximization",$0.25 ,Sat Mar 24 13:41:31 PDT 2018,100,0,0,100,Reviewable,NotReviewed,https://cocosci.berkeley.edu/mturk/paul/mouselab_journalArticle/index.html,7200,5,Sat Apr 07 13:41:31 PDT 2018,https://requester.mturk.com/mturk/manageHIT?HITId=3WJGKMRWVI9L0ARR9VU4U5TG12DCDY,3X1FV8S5JXRNYN5CS5VJF2FQQZQGVZ,A353STSNL3BYS6,Approved,Sat Mar 24 13:58:08 PDT 2018,Sat Mar 24 13:42:09 PDT 2018,Sat Mar 24 13:58:03 PDT 2018,Sat Mar 24 13:58:37 PDT 2018,,,,
3WJGKMRWVI9L0ARR9VU4U5TG12DCDY,3S942EFUVJDXQLKG9BRR77GMILFJEA,Betting Game,"This HIT takes about 20 minutes. You will a series of betting games. You will decide which bet to make based on observing possible outcomes for different bets. This pays $0.25 plus a bonus of up to $9.99, based on your winnings.","experiment, decision-making, reward-maximization",$0.25 ,Sat Mar 24 13:41:31 PDT 2018,100,0,0,100,Reviewable,NotReviewed,https://cocosci.berkeley.edu/mturk/paul/mouselab_journalArticle/index.html,7200,5,Sat Apr 07 13:41:31 PDT 2018,https://requester.mturk.com/mturk/manageHIT?HITId=3WJGKMRWVI9L0ARR9VU4U5TG12DCDY,3Z7ISHFUH0VPES44A48Y8VBOQRJ8ZB,AHIM8PGYOIN0K,Approved,Sat Mar 24 13:58:25 PDT 2018,Sat Mar 24 13:42:17 PDT 2018,Sat Mar 24 13:58:20 PDT 2018,Sat Mar 24 13:58:37 PDT 2018,,,,
3WJGKMRWVI9L0ARR9VU4U5TG12DCDY,3S942EFUVJDXQLKG9BRR77GMILFJEA,Betting Game,"This HIT takes about 20 minutes. You will a series of betting games. You will decide which bet to make based on observing possible outcomes for different bets. This pays $0.25 plus a bonus of up to $9.99, based on your winnings.","experiment, decision-making, reward-maximization",$0.25 ,Sat Mar 24 13:41:31 PDT 2018,100,0,0,100,Reviewable,NotReviewed,https://cocosci.berkeley.edu/mturk/paul/mouselab_journalArticle/index.html,7200,5,Sat Apr 07 13:41:31 PDT 2018,https://requester.mturk.com/mturk/manageHIT?HITId=3WJGKMRWVI9L0ARR9VU4U5TG12DCDY,3JRJSWSMQHL5207220ZPW42VMZIE3J,A3JOUIM3CDC1DZ,Approved,Sat Mar 24 13:58:40 PDT 2018,Sat Mar 24 13:42:02 PDT 2018,Sat Mar 24 13:58:35 PDT 2018,Sat Mar 24 13:59:37 PDT 2018,,,,
3WJGKMRWVI9L0ARR9VU4U5TG12DCDY,3S942EFUVJDXQLKG9BRR77GMILFJEA,Betting Game,"This HIT takes about 20 minutes. You will a series of betting games. You will decide which bet to make based on observing possible outcomes for different bets. This pays $0.25 plus a bonus of up to $9.99, based on your winnings.","experiment, decision-making, reward-maximization",$0.25 ,Sat Mar 24 13:41:31 PDT 2018,100,0,0,100,Reviewable,NotReviewed,https://cocosci.berkeley.edu/mturk/paul/mouselab_journalArticle/index.html,7200,5,Sat Apr 07 13:41:31 PDT 2018,https://requester.mturk.com/mturk/manageHIT?HITId=3WJGKMRWVI9L0ARR9VU4U5TG12DCDY,31JLPPHS2UURERKRWE2L1GW9Q1O3OC,AL83KKXUORS9Y,Approved,Sat Mar 24 13:58:47 PDT 2018,Sat Mar 24 13:42:16 PDT 2018,Sat Mar 24 13:58:42 PDT 2018,Sat Mar 24 13:59:37 PDT 2018,,,,
3WJGKMRWVI9L0ARR9VU4U5TG12DCDY,3S942EFUVJDXQLKG9BRR77GMILFJEA,Betting Game,"This HIT takes about 20 minutes. You will a series of betting games. You will decide which bet to make based on observing possible outcomes for different bets. This pays $0.25 plus a bonus of up to $9.99, based on your winnings.","experiment, decision-making, reward-maximization",$0.25 ,Sat Mar 24 13:41:31 PDT 2018,100,0,0,100,Reviewable,NotReviewed,https://cocosci.berkeley.edu/mturk/paul/mouselab_journalArticle/index.html,7200,5,Sat Apr 07 13:41:31 PDT 2018,https://requester.mturk.com/mturk/manageHIT?HITId=3WJGKMRWVI9L0ARR9VU4U5TG12DCDY,3OF2M9AATGO99T65JT51Y0KFLRCZKK,A3KA3A3M7LPMPA,Approved,Sat Mar 24 13:59:16 PDT 2018,Sat Mar 24 13:41:56 PDT 2018,Sat Mar 24 13:59:11 PDT 2018,Sat Mar 24 13:59:37 PDT 2018,,,,
3WJGKMRWVI9L0ARR9VU4U5TG12DCDY,3S942EFUVJDXQLKG9BRR77GMILFJEA,Betting Game,"This HIT takes about 20 minutes. You will a series of betting games. You will decide which bet to make based on observing possible outcomes for different bets. This pays $0.25 plus a bonus of up to $9.99, based on your winnings.","experiment, decision-making, reward-maximization",$0.25 ,Sat Mar 24 13:41:31 PDT 2018,100,0,0,100,Reviewable,NotReviewed,https://cocosci.berkeley.edu/mturk/paul/mouselab_journalArticle/index.html,7200,5,Sat Apr 07 13:41:31 PDT 2018,https://requester.mturk.com/mturk/manageHIT?HITId=3WJGKMRWVI9L0ARR9VU4U5TG12DCDY,3D3VGR7TA0FUB4C7O6JPVB1E1O83RL,A12SMSQ6D5227J,Approved,Sat Mar 24 13:59:27 PDT 2018,Sat Mar 24 13:42:40 PDT 2018,Sat Mar 24 13:59:22 PDT 2018,Sat Mar 24 13:59:37 PDT 2018,,,,
3WJGKMRWVI9L0ARR9VU4U5TG12DCDY,3S942EFUVJDXQLKG9BRR77GMILFJEA,Betting Game,"This HIT takes about 20 minutes. You will a series of betting games. You will decide which bet to make based on observing possible outcomes for different bets. This pays $0.25 plus a bonus of up to $9.99, based on your winnings.","experiment, decision-making, reward-maximization",$0.25 ,Sat Mar 24 13:41:31 PDT 2018,100,0,0,100,Reviewable,NotReviewed,https://cocosci.berkeley.edu/mturk/paul/mouselab_journalArticle/index.html,7200,5,Sat Apr 07 13:41:31 PDT 2018,https://requester.mturk.com/mturk/manageHIT?HITId=3WJGKMRWVI9L0ARR9VU4U5TG12DCDY,3IX2EGZR7BJ5WIEWRRBCBII3XLUJRD,A2JIRC73O88L0U,Approved,Sat Mar 24 13:59:47 PDT 2018,Sat Mar 24 13:43:58 PDT 2018,Sat Mar 24 13:59:42 PDT 2018,Sat Mar 24 14:00:37 PDT 2018,,,,
3WJGKMRWVI9L0ARR9VU4U5TG12DCDY,3S942EFUVJDXQLKG9BRR77GMILFJEA,Betting Game,"This HIT takes about 20 minutes. You will a series of betting games. You will decide which bet to make based on observing possible outcomes for different bets. This pays $0.25 plus a bonus of up to $9.99, based on your winnings.","experiment, decision-making, reward-maximization",$0.25 ,Sat Mar 24 13:41:31 PDT 2018,100,0,0,100,Reviewable,NotReviewed,https://cocosci.berkeley.edu/mturk/paul/mouselab_journalArticle/index.html,7200,5,Sat Apr 07 13:41:31 PDT 2018,https://requester.mturk.com/mturk/manageHIT?HITId=3WJGKMRWVI9L0ARR9VU4U5TG12DCDY,3PDJHANYK5GGJTLMB35TOABSO6C6HX,AE0LA2Z8PAVG1,Approved,Sat Mar 24 13:59:50 PDT 2018,Sat Mar 24 13:42:50 PDT 2018,Sat Mar 24 13:59:45 PDT 2018,Sat Mar 24 14:00:37 PDT 2018,,,,
3WJGKMRWVI9L0ARR9VU4U5TG12DCDY,3S942EFUVJDXQLKG9BRR77GMILFJEA,Betting Game,"This HIT takes about 20 minutes. You will a series of betting games. You will decide which bet to make based on observing possible outcomes for different bets. This pays $0.25 plus a bonus of up to $9.99, based on your winnings.","experiment, decision-making, reward-maximization",$0.25 ,Sat Mar 24 13:41:31 PDT 2018,100,0,0,100,Reviewable,NotReviewed,https://cocosci.berkeley.edu/mturk/paul/mouselab_journalArticle/index.html,7200,5,Sat Apr 07 13:41:31 PDT 2018,https://requester.mturk.com/mturk/manageHIT?HITId=3WJGKMRWVI9L0ARR9VU4U5TG12DCDY,3BV8HQ2ZZW1196D85XV17OOOBBM6AM,A1640H4RXH8NZE,Approved,Sat Mar 24 13:59:52 PDT 2018,Sat Mar 24 13:42:27 PDT 2018,Sat Mar 24 13:59:47 PDT 2018,Sat Mar 24 14:00:37 PDT 2018,,,,
3WJGKMRWVI9L0ARR9VU4U5TG12DCDY,3S942EFUVJDXQLKG9BRR77GMILFJEA,Betting Game,"This HIT takes about 20 minutes. You will a series of betting games. You will decide which bet to make based on observing possible outcomes for different bets. This pays $0.25 plus a bonus of up to $9.99, based on your winnings.","experiment, decision-making, reward-maximization",$0.25 ,Sat Mar 24 13:41:31 PDT 2018,100,0,0,100,Reviewable,NotReviewed,https://cocosci.berkeley.edu/mturk/paul/mouselab_journalArticle/index.html,7200,5,Sat Apr 07 13:41:31 PDT 2018,https://requester.mturk.com/mturk/manageHIT?HITId=3WJGKMRWVI9L0ARR9VU4U5TG12DCDY,3K772S5NP8BKW8E1HLOR0Y35540EHQ,A2A7O6KYJ9GS8A,Approved,Sat Mar 24 13:59:53 PDT 2018,Sat Mar 24 13:44:12 PDT 2018,Sat Mar 24 13:59:48 PDT 2018,Sat Mar 24 14:00:37 PDT 2018,,,,
3WJGKMRWVI9L0ARR9VU4U5TG12DCDY,3S942EFUVJDXQLKG9BRR77GMILFJEA,Betting Game,"This HIT takes about 20 minutes. You will a series of betting games. You will decide which bet to make based on observing possible outcomes for different bets. This pays $0.25 plus a bonus of up to $9.99, based on your winnings.","experiment, decision-making, reward-maximization",$0.25 ,Sat Mar 24 13:41:31 PDT 2018,100,0,0,100,Reviewable,NotReviewed,https://cocosci.berkeley.edu/mturk/paul/mouselab_journalArticle/index.html,7200,5,Sat Apr 07 13:41:31 PDT 2018,https://requester.mturk.com/mturk/manageHIT?HITId=3WJGKMRWVI9L0ARR9VU4U5TG12DCDY,30OG32W0SUBC640CKJJ45I01RG9ENZ,A29AN71PV9UQAC,Approved,Sat Mar 24 14:00:06 PDT 2018,Sat Mar 24 13:44:51 PDT 2018,Sat Mar 24 14:00:01 PDT 2018,Sat Mar 24 14:00:37 PDT 2018,,,,
3WJGKMRWVI9L0ARR9VU4U5TG12DCDY,3S942EFUVJDXQLKG9BRR77GMILFJEA,Betting Game,"This HIT takes about 20 minutes. You will a series of betting games. You will decide which bet to make based on observing possible outcomes for different bets. This pays $0.25 plus a bonus of up to $9.99, based on your winnings.","experiment, decision-making, reward-maximization",$0.25 ,Sat Mar 24 13:41:31 PDT 2018,100,0,0,100,Reviewable,NotReviewed,https://cocosci.berkeley.edu/mturk/paul/mouselab_journalArticle/index.html,7200,5,Sat Apr 07 13:41:31 PDT 2018,https://requester.mturk.com/mturk/manageHIT?HITId=3WJGKMRWVI9L0ARR9VU4U5TG12DCDY,37M28K1J0QDDX1SFPGPQGSTTXH6JA5,AMPMTF5IAAMK8,Approved,Sat Mar 24 14:00:17 PDT 2018,Sat Mar 24 13:42:08 PDT 2018,Sat Mar 24 14:00:12 PDT 2018,Sat Mar 24 14:00:37 PDT 2018,,,,
3WJGKMRWVI9L0ARR9VU4U5TG12DCDY,3S942EFUVJDXQLKG9BRR77GMILFJEA,Betting Game,"This HIT takes about 20 minutes. You will a series of betting games. You will decide which bet to make based on observing possible outcomes for different bets. This pays $0.25 plus a bonus of up to $9.99, based on your winnings.","experiment, decision-making, reward-maximization",$0.25 ,Sat Mar 24 13:41:31 PDT 2018,100,0,0,100,Reviewable,NotReviewed,https://cocosci.berkeley.edu/mturk/paul/mouselab_journalArticle/index.html,7200,5,Sat Apr 07 13:41:31 PDT 2018,https://requester.mturk.com/mturk/manageHIT?HITId=3WJGKMRWVI9L0ARR9VU4U5TG12DCDY,3TYCR1GOTCJKTZON4TH2D0XUARHZLN,A1PUHCEBSOWETV,Approved,Sat Mar 24 14:00:27 PDT 2018,Sat Mar 24 13:41:59 PDT 2018,Sat Mar 24 14:00:22 PDT 2018,Sat Mar 24 14:00:37 PDT 2018,,,,
3WJGKMRWVI9L0ARR9VU4U5TG12DCDY,3S942EFUVJDXQLKG9BRR77GMILFJEA,Betting Game,"This HIT takes about 20 minutes. You will a series of betting games. You will decide which bet to make based on observing possible outcomes for different bets. This pays $0.25 plus a bonus of up to $9.99, based on your winnings.","experiment, decision-making, reward-maximization",$0.25 ,Sat Mar 24 13:41:31 PDT 2018,100,0,0,100,Reviewable,NotReviewed,https://cocosci.berkeley.edu/mturk/paul/mouselab_journalArticle/index.html,7200,5,Sat Apr 07 13:41:31 PDT 2018,https://requester.mturk.com/mturk/manageHIT?HITId=3WJGKMRWVI9L0ARR9VU4U5TG12DCDY,30IQTZXKAK6IR8ZMEI7YIVPVZT8X0F,AW0MG225VXWCN,Approved,Sat Mar 24 14:00:30 PDT 2018,Sat Mar 24 13:42:02 PDT 2018,Sat Mar 24 14:00:25 PDT 2018,Sat Mar 24 14:00:37 PDT 2018,,,,
3WJGKMRWVI9L0ARR9VU4U5TG12DCDY,3S942EFUVJDXQLKG9BRR77GMILFJEA,Betting Game,"This HIT takes about 20 minutes. You will a series of betting games. You will decide which bet to make based on observing possible outcomes for different bets. This pays $0.25 plus a bonus of up to $9.99, based on your winnings.","experiment, decision-making, reward-maximization",$0.25 ,Sat Mar 24 13:41:31 PDT 2018,100,0,0,100,Reviewable,NotReviewed,https://cocosci.berkeley.edu/mturk/paul/mouselab_journalArticle/index.html,7200,5,Sat Apr 07 13:41:31 PDT 2018,https://requester.mturk.com/mturk/manageHIT?HITId=3WJGKMRWVI9L0ARR9VU4U5TG12DCDY,3MMN5BL1WZ43EOZFJYN89C74V19M3G,A7JY83XLBASTQ,Approved,Sat Mar 24 14:00:32 PDT 2018,Sat Mar 24 13:43:22 PDT 2018,Sat Mar 24 14:00:27 PDT 2018,Sat Mar 24 14:00:37 PDT 2018,,,,
3WJGKMRWVI9L0ARR9VU4U5TG12DCDY,3S942EFUVJDXQLKG9BRR77GMILFJEA,Betting Game,"This HIT takes about 20 minutes. You will a series of betting games. You will decide which bet to make based on observing possible outcomes for different bets. This pays $0.25 plus a bonus of up to $9.99, based on your winnings.","experiment, decision-making, reward-maximization",$0.25 ,Sat Mar 24 13:41:31 PDT 2018,100,0,0,100,Reviewable,NotReviewed,https://cocosci.berkeley.edu/mturk/paul/mouselab_journalArticle/index.html,7200,5,Sat Apr 07 13:41:31 PDT 2018,https://requester.mturk.com/mturk/manageHIT?HITId=3WJGKMRWVI9L0ARR9VU4U5TG12DCDY,3HMIGG0U4L6P92UZEI6FUO2MKXF8YK,A2E746SZEOVYXS,Approved,Sat Mar 24 14:00:34 PDT 2018,Sat Mar 24 13:42:28 PDT 2018,Sat Mar 24 14:00:29 PDT 2018,Sat Mar 24 14:00:37 PDT 2018,,,,
3WJGKMRWVI9L0ARR9VU4U5TG12DCDY,3S942EFUVJDXQLKG9BRR77GMILFJEA,Betting Game,"This HIT takes about 20 minutes. You will a series of betting games. You will decide which bet to make based on observing possible outcomes for different bets. This pays $0.25 plus a bonus of up to $9.99, based on your winnings.","experiment, decision-making, reward-maximization",$0.25 ,Sat Mar 24 13:41:31 PDT 2018,100,0,0,100,Reviewable,NotReviewed,https://cocosci.berkeley.edu/mturk/paul/mouselab_journalArticle/index.html,7200,5,Sat Apr 07 13:41:31 PDT 2018,https://requester.mturk.com/mturk/manageHIT?HITId=3WJGKMRWVI9L0ARR9VU4U5TG12DCDY,33CID57104TJ86HUJMMT9ZSFVWJ3LV,A1MAAPY9K1G1YR,Approved,Sat Mar 24 14:00:38 PDT 2018,Sat Mar 24 13:43:35 PDT 2018,Sat Mar 24 14:00:33 PDT 2018,Sat Mar 24 14:01:37 PDT 2018,,,,
3WJGKMRWVI9L0ARR9VU4U5TG12DCDY,3S942EFUVJDXQLKG9BRR77GMILFJEA,Betting Game,"This HIT takes about 20 minutes. You will a series of betting games. You will decide which bet to make based on observing possible outcomes for different bets. This pays $0.25 plus a bonus of up to $9.99, based on your winnings.","experiment, decision-making, reward-maximization",$0.25 ,Sat Mar 24 13:41:31 PDT 2018,100,0,0,100,Reviewable,NotReviewed,https://cocosci.berkeley.edu/mturk/paul/mouselab_journalArticle/index.html,7200,5,Sat Apr 07 13:41:31 PDT 2018,https://requester.mturk.com/mturk/manageHIT?HITId=3WJGKMRWVI9L0ARR9VU4U5TG12DCDY,3R6P78PK7KB8LV1NNAV4EKR5TEAGTJ,A2WAQLPXT615HQ,Approved,Sat Mar 24 14:01:04 PDT 2018,Sat Mar 24 13:42:02 PDT 2018,Sat Mar 24 14:00:59 PDT 2018,Sat Mar 24 14:01:37 PDT 2018,,,,
3WJGKMRWVI9L0ARR9VU4U5TG12DCDY,3S942EFUVJDXQLKG9BRR77GMILFJEA,Betting Game,"This HIT takes about 20 minutes. You will a series of betting games. You will decide which bet to make based on observing possible outcomes for different bets. This pays $0.25 plus a bonus of up to $9.99, based on your winnings.","experiment, decision-making, reward-maximization",$0.25 ,Sat Mar 24 13:41:31 PDT 2018,100,0,0,100,Reviewable,NotReviewed,https://cocosci.berkeley.edu/mturk/paul/mouselab_journalArticle/index.html,7200,5,Sat Apr 07 13:41:31 PDT 2018,https://requester.mturk.com/mturk/manageHIT?HITId=3WJGKMRWVI9L0ARR9VU4U5TG12DCDY,37U1UTWH9VMGC1ID0NELMS9PHA08RI,A1JLYIQ4HT4KQC,Approved,Sat Mar 24 14:01:31 PDT 2018,Sat Mar 24 13:42:45 PDT 2018,Sat Mar 24 14:01:26 PDT 2018,Sat Mar 24 14:01:37 PDT 2018,,,,
3WJGKMRWVI9L0ARR9VU4U5TG12DCDY,3S942EFUVJDXQLKG9BRR77GMILFJEA,Betting Game,"This HIT takes about 20 minutes. You will a series of betting games. You will decide which bet to make based on observing possible outcomes for different bets. This pays $0.25 plus a bonus of up to $9.99, based on your winnings.","experiment, decision-making, reward-maximization",$0.25 ,Sat Mar 24 13:41:31 PDT 2018,100,0,0,100,Reviewable,NotReviewed,https://cocosci.berkeley.edu/mturk/paul/mouselab_journalArticle/index.html,7200,5,Sat Apr 07 13:41:31 PDT 2018,https://requester.mturk.com/mturk/manageHIT?HITId=3WJGKMRWVI9L0ARR9VU4U5TG12DCDY,30MVJZJNHMDZSIIAXABQKXI9RZO9JG,A2CJYS92WX7HN6,Approved,Sat Mar 24 14:01:37 PDT 2018,Sat Mar 24 13:44:54 PDT 2018,Sat Mar 24 14:01:32 PDT 2018,Sat Mar 24 14:02:37 PDT 2018,,,,
3WJGKMRWVI9L0ARR9VU4U5TG12DCDY,3S942EFUVJDXQLKG9BRR77GMILFJEA,Betting Game,"This HIT takes about 20 minutes. You will a series of betting games. You will decide which bet to make based on observing possible outcomes for different bets. This pays $0.25 plus a bonus of up to $9.99, based on your winnings.","experiment, decision-making, reward-maximization",$0.25 ,Sat Mar 24 13:41:31 PDT 2018,100,0,0,100,Reviewable,NotReviewed,https://cocosci.berkeley.edu/mturk/paul/mouselab_journalArticle/index.html,7200,5,Sat Apr 07 13:41:31 PDT 2018,https://requester.mturk.com/mturk/manageHIT?HITId=3WJGKMRWVI9L0ARR9VU4U5TG12DCDY,3EICBYG644W1QGPD9ULHMNJHXKRJC7,A3EIVR2LS7CCWB,Approved,Sat Mar 24 14:01:40 PDT 2018,Sat Mar 24 13:42:14 PDT 2018,Sat Mar 24 14:01:35 PDT 2018,Sat Mar 24 14:02:37 PDT 2018,,,,
3WJGKMRWVI9L0ARR9VU4U5TG12DCDY,3S942EFUVJDXQLKG9BRR77GMILFJEA,Betting Game,"This HIT takes about 20 minutes. You will a series of betting games. You will decide which bet to make based on observing possible outcomes for different bets. This pays $0.25 plus a bonus of up to $9.99, based on your winnings.","experiment, decision-making, reward-maximization",$0.25 ,Sat Mar 24 13:41:31 PDT 2018,100,0,0,100,Reviewable,NotReviewed,https://cocosci.berkeley.edu/mturk/paul/mouselab_journalArticle/index.html,7200,5,Sat Apr 07 13:41:31 PDT 2018,https://requester.mturk.com/mturk/manageHIT?HITId=3WJGKMRWVI9L0ARR9VU4U5TG12DCDY,3L4D84MILZSS7O0TVMZIXEGXACWHJE,ATUY1BTU5BQDE,Approved,Sat Mar 24 14:01:41 PDT 2018,Sat Mar 24 13:46:06 PDT 2018,Sat Mar 24 14:01:36 PDT 2018,Sat Mar 24 14:02:37 PDT 2018,,,,
3WJGKMRWVI9L0ARR9VU4U5TG12DCDY,3S942EFUVJDXQLKG9BRR77GMILFJEA,Betting Game,"This HIT takes about 20 minutes. You will a series of betting games. You will decide which bet to make based on observing possible outcomes for different bets. This pays $0.25 plus a bonus of up to $9.99, based on your winnings.","experiment, decision-making, reward-maximization",$0.25 ,Sat Mar 24 13:41:31 PDT 2018,100,0,0,100,Reviewable,NotReviewed,https://cocosci.berkeley.edu/mturk/paul/mouselab_journalArticle/index.html,7200,5,Sat Apr 07 13:41:31 PDT 2018,https://requester.mturk.com/mturk/manageHIT?HITId=3WJGKMRWVI9L0ARR9VU4U5TG12DCDY,3V5Q80FXIXRD7KVM9G4OU3T6PWS235,A2HHGI5CNSS5PD,Approved,Sat Mar 24 14:01:48 PDT 2018,Sat Mar 24 13:42:00 PDT 2018,Sat Mar 24 14:01:43 PDT 2018,Sat Mar 24 14:02:37 PDT 2018,,,,
3WJGKMRWVI9L0ARR9VU4U5TG12DCDY,3S942EFUVJDXQLKG9BRR77GMILFJEA,Betting Game,"This HIT takes about 20 minutes. You will a series of betting games. You will decide which bet to make based on observing possible outcomes for different bets. This pays $0.25 plus a bonus of up to $9.99, based on your winnings.","experiment, decision-making, reward-maximization",$0.25 ,Sat Mar 24 13:41:31 PDT 2018,100,0,0,100,Reviewable,NotReviewed,https://cocosci.berkeley.edu/mturk/paul/mouselab_journalArticle/index.html,7200,5,Sat Apr 07 13:41:31 PDT 2018,https://requester.mturk.com/mturk/manageHIT?HITId=3WJGKMRWVI9L0ARR9VU4U5TG12DCDY,338JKRMM26ZH6VXP1GM54FDEKP2HAY,A53NU6G63H6ZQ,Approved,Sat Mar 24 14:01:48 PDT 2018,Sat Mar 24 13:44:24 PDT 2018,Sat Mar 24 14:01:43 PDT 2018,Sat Mar 24 14:02:37 PDT 2018,,,,
3WJGKMRWVI9L0ARR9VU4U5TG12DCDY,3S942EFUVJDXQLKG9BRR77GMILFJEA,Betting Game,"This HIT takes about 20 minutes. You will a series of betting games. You will decide which bet to make based on observing possible outcomes for different bets. This pays $0.25 plus a bonus of up to $9.99, based on your winnings.","experiment, decision-making, reward-maximization",$0.25 ,Sat Mar 24 13:41:31 PDT 2018,100,0,0,100,Reviewable,NotReviewed,https://cocosci.berkeley.edu/mturk/paul/mouselab_journalArticle/index.html,7200,5,Sat Apr 07 13:41:31 PDT 2018,https://requester.mturk.com/mturk/manageHIT?HITId=3WJGKMRWVI9L0ARR9VU4U5TG12DCDY,3PJ71Z61R42SX1267L5KGXMNXIO91C,A11MAQOTZ6X2A6,Approved,Sat Mar 24 14:01:49 PDT 2018,Sat Mar 24 13:42:39 PDT 2018,Sat Mar 24 14:01:44 PDT 2018,Sat Mar 24 14:02:37 PDT 2018,,,,
3WJGKMRWVI9L0ARR9VU4U5TG12DCDY,3S942EFUVJDXQLKG9BRR77GMILFJEA,Betting Game,"This HIT takes about 20 minutes. You will a series of betting games. You will decide which bet to make based on observing possible outcomes for different bets. This pays $0.25 plus a bonus of up to $9.99, based on your winnings.","experiment, decision-making, reward-maximization",$0.25 ,Sat Mar 24 13:41:31 PDT 2018,100,0,0,100,Reviewable,NotReviewed,https://cocosci.berkeley.edu/mturk/paul/mouselab_journalArticle/index.html,7200,5,Sat Apr 07 13:41:31 PDT 2018,https://requester.mturk.com/mturk/manageHIT?HITId=3WJGKMRWVI9L0ARR9VU4U5TG12DCDY,3GA6AFUKOOOHMAY4S17VH7Z8EFAH32,A7SXWHGK8B40R,Approved,Sat Mar 24 14:02:03 PDT 2018,Sat Mar 24 13:43:06 PDT 2018,Sat Mar 24 14:01:58 PDT 2018,Sat Mar 24 14:02:37 PDT 2018,,,,
3WJGKMRWVI9L0ARR9VU4U5TG12DCDY,3S942EFUVJDXQLKG9BRR77GMILFJEA,Betting Game,"This HIT takes about 20 minutes. You will a series of betting games. You will decide which bet to make based on observing possible outcomes for different bets. This pays $0.25 plus a bonus of up to $9.99, based on your winnings.","experiment, decision-making, reward-maximization",$0.25 ,Sat Mar 24 13:41:31 PDT 2018,100,0,0,100,Reviewable,NotReviewed,https://cocosci.berkeley.edu/mturk/paul/mouselab_journalArticle/index.html,7200,5,Sat Apr 07 13:41:31 PDT 2018,https://requester.mturk.com/mturk/manageHIT?HITId=3WJGKMRWVI9L0ARR9VU4U5TG12DCDY,3YWRV122CSZ8STAU4H9QR3W9O948UM,A2EOOF9D135HQ1,Approved,Sat Mar 24 14:02:20 PDT 2018,Sat Mar 24 13:42:03 PDT 2018,Sat Mar 24 14:02:15 PDT 2018,Sat Mar 24 14:02:37 PDT 2018,,,,
3WJGKMRWVI9L0ARR9VU4U5TG12DCDY,3S942EFUVJDXQLKG9BRR77GMILFJEA,Betting Game,"This HIT takes about 20 minutes. You will a series of betting games. You will decide which bet to make based on observing possible outcomes for different bets. This pays $0.25 plus a bonus of up to $9.99, based on your winnings.","experiment, decision-making, reward-maximization",$0.25 ,Sat Mar 24 13:41:31 PDT 2018,100,0,0,100,Reviewable,NotReviewed,https://cocosci.berkeley.edu/mturk/paul/mouselab_journalArticle/index.html,7200,5,Sat Apr 07 13:41:31 PDT 2018,https://requester.mturk.com/mturk/manageHIT?HITId=3WJGKMRWVI9L0ARR9VU4U5TG12DCDY,3YJ6NA41JBGKK5YHEZ7N6NIOW36JPL,A2JHF7CU91EVXW,Approved,Sat Mar 24 14:02:34 PDT 2018,Sat Mar 24 13:43:44 PDT 2018,Sat Mar 24 14:02:29 PDT 2018,Sat Mar 24 14:02:37 PDT 2018,,,,
3WJGKMRWVI9L0ARR9VU4U5TG12DCDY,3S942EFUVJDXQLKG9BRR77GMILFJEA,Betting Game,"This HIT takes about 20 minutes. You will a series of betting games. You will decide which bet to make based on observing possible outcomes for different bets. This pays $0.25 plus a bonus of up to $9.99, based on your winnings.","experiment, decision-making, reward-maximization",$0.25 ,Sat Mar 24 13:41:31 PDT 2018,100,0,0,100,Reviewable,NotReviewed,https://cocosci.berkeley.edu/mturk/paul/mouselab_journalArticle/index.html,7200,5,Sat Apr 07 13:41:31 PDT 2018,https://requester.mturk.com/mturk/manageHIT?HITId=3WJGKMRWVI9L0ARR9VU4U5TG12DCDY,3YT88D1N08Y8O0ZCYMASUZF06WE3KS,A1YSYI926BBOHW,Approved,Sat Mar 24 14:02:57 PDT 2018,Sat Mar 24 13:42:00 PDT 2018,Sat Mar 24 14:02:52 PDT 2018,Sat Mar 24 14:03:37 PDT 2018,,,,
3WJGKMRWVI9L0ARR9VU4U5TG12DCDY,3S942EFUVJDXQLKG9BRR77GMILFJEA,Betting Game,"This HIT takes about 20 minutes. You will a series of betting games. You will decide which bet to make based on observing possible outcomes for different bets. This pays $0.25 plus a bonus of up to $9.99, based on your winnings.","experiment, decision-making, reward-maximization",$0.25 ,Sat Mar 24 13:41:31 PDT 2018,100,0,0,100,Reviewable,NotReviewed,https://cocosci.berkeley.edu/mturk/paul/mouselab_journalArticle/index.html,7200,5,Sat Apr 07 13:41:31 PDT 2018,https://requester.mturk.com/mturk/manageHIT?HITId=3WJGKMRWVI9L0ARR9VU4U5TG12DCDY,3DR23U6WE5EA1H5WHF5GEH6TGYVET0,A28CZ3YYL41JAZ,Approved,Sat Mar 24 14:02:57 PDT 2018,Sat Mar 24 13:46:43 PDT 2018,Sat Mar 24 14:02:52 PDT 2018,Sat Mar 24 14:03:37 PDT 2018,,,,
3WJGKMRWVI9L0ARR9VU4U5TG12DCDY,3S942EFUVJDXQLKG9BRR77GMILFJEA,Betting Game,"This HIT takes about 20 minutes. You will a series of betting games. You will decide which bet to make based on observing possible outcomes for different bets. This pays $0.25 plus a bonus of up to $9.99, based on your winnings.","experiment, decision-making, reward-maximization",$0.25 ,Sat Mar 24 13:41:31 PDT 2018,100,0,0,100,Reviewable,NotReviewed,https://cocosci.berkeley.edu/mturk/paul/mouselab_journalArticle/index.html,7200,5,Sat Apr 07 13:41:31 PDT 2018,https://requester.mturk.com/mturk/manageHIT?HITId=3WJGKMRWVI9L0ARR9VU4U5TG12DCDY,3DL65MZB8DFTF03LVTAQP76PSCVECH,AS6G83OZEFHY,Approved,Sat Mar 24 14:02:59 PDT 2018,Sat Mar 24 13:43:56 PDT 2018,Sat Mar 24 14:02:54 PDT 2018,Sat Mar 24 14:03:37 PDT 2018,,,,
3WJGKMRWVI9L0ARR9VU4U5TG12DCDY,3S942EFUVJDXQLKG9BRR77GMILFJEA,Betting Game,"This HIT takes about 20 minutes. You will a series of betting games. You will decide which bet to make based on observing possible outcomes for different bets. This pays $0.25 plus a bonus of up to $9.99, based on your winnings.","experiment, decision-making, reward-maximization",$0.25 ,Sat Mar 24 13:41:31 PDT 2018,100,0,0,100,Reviewable,NotReviewed,https://cocosci.berkeley.edu/mturk/paul/mouselab_journalArticle/index.html,7200,5,Sat Apr 07 13:41:31 PDT 2018,https://requester.mturk.com/mturk/manageHIT?HITId=3WJGKMRWVI9L0ARR9VU4U5TG12DCDY,33F859I566DMP52H7UM1ZQXK27NHBT,A2QFER053G7FZZ,Approved,Sat Mar 24 14:03:02 PDT 2018,Sat Mar 24 13:44:49 PDT 2018,Sat Mar 24 14:02:57 PDT 2018,Sat Mar 24 14:03:37 PDT 2018,,,,
3WJGKMRWVI9L0ARR9VU4U5TG12DCDY,3S942EFUVJDXQLKG9BRR77GMILFJEA,Betting Game,"This HIT takes about 20 minutes. You will a series of betting games. You will decide which bet to make based on observing possible outcomes for different bets. This pays $0.25 plus a bonus of up to $9.99, based on your winnings.","experiment, decision-making, reward-maximization",$0.25 ,Sat Mar 24 13:41:31 PDT 2018,100,0,0,100,Reviewable,NotReviewed,https://cocosci.berkeley.edu/mturk/paul/mouselab_journalArticle/index.html,7200,5,Sat Apr 07 13:41:31 PDT 2018,https://requester.mturk.com/mturk/manageHIT?HITId=3WJGKMRWVI9L0ARR9VU4U5TG12DCDY,3JMSRU9HQIUPE99LMA5VFZUEDJBEVG,AJDMNI5LT1VKR,Approved,Sat Mar 24 14:03:13 PDT 2018,Sat Mar 24 13:47:09 PDT 2018,Sat Mar 24 14:03:08 PDT 2018,Sat Mar 24 14:03:37 PDT 2018,,,,
3WJGKMRWVI9L0ARR9VU4U5TG12DCDY,3S942EFUVJDXQLKG9BRR77GMILFJEA,Betting Game,"This HIT takes about 20 minutes. You will a series of betting games. You will decide which bet to make based on observing possible outcomes for different bets. This pays $0.25 plus a bonus of up to $9.99, based on your winnings.","experiment, decision-making, reward-maximization",$0.25 ,Sat Mar 24 13:41:31 PDT 2018,100,0,0,100,Reviewable,NotReviewed,https://cocosci.berkeley.edu/mturk/paul/mouselab_journalArticle/index.html,7200,5,Sat Apr 07 13:41:31 PDT 2018,https://requester.mturk.com/mturk/manageHIT?HITId=3WJGKMRWVI9L0ARR9VU4U5TG12DCDY,3PH3VY7DJLX04T0M87O4MBEA8YLWZD,A1MJVTR0PCKBWW,Approved,Sat Mar 24 14:03:28 PDT 2018,Sat Mar 24 13:41:54 PDT 2018,Sat Mar 24 14:03:23 PDT 2018,Sat Mar 24 14:03:37 PDT 2018,,,,
3WJGKMRWVI9L0ARR9VU4U5TG12DCDY,3S942EFUVJDXQLKG9BRR77GMILFJEA,Betting Game,"This HIT takes about 20 minutes. You will a series of betting games. You will decide which bet to make based on observing possible outcomes for different bets. This pays $0.25 plus a bonus of up to $9.99, based on your winnings.","experiment, decision-making, reward-maximization",$0.25 ,Sat Mar 24 13:41:31 PDT 2018,100,0,0,100,Reviewable,NotReviewed,https://cocosci.berkeley.edu/mturk/paul/mouselab_journalArticle/index.html,7200,5,Sat Apr 07 13:41:31 PDT 2018,https://requester.mturk.com/mturk/manageHIT?HITId=3WJGKMRWVI9L0ARR9VU4U5TG12DCDY,3A1PQ49WVHHLC7KP5XTCTEKBGVWH1A,A2UOJVCT74AZ9S,Approved,Sat Mar 24 14:03:38 PDT 2018,Sat Mar 24 13:43:01 PDT 2018,Sat Mar 24 14:03:33 PDT 2018,Sat Mar 24 14:04:37 PDT 2018,,,,
3WJGKMRWVI9L0ARR9VU4U5TG12DCDY,3S942EFUVJDXQLKG9BRR77GMILFJEA,Betting Game,"This HIT takes about 20 minutes. You will a series of betting games. You will decide which bet to make based on observing possible outcomes for different bets. This pays $0.25 plus a bonus of up to $9.99, based on your winnings.","experiment, decision-making, reward-maximization",$0.25 ,Sat Mar 24 13:41:31 PDT 2018,100,0,0,100,Reviewable,NotReviewed,https://cocosci.berkeley.edu/mturk/paul/mouselab_journalArticle/index.html,7200,5,Sat Apr 07 13:41:31 PDT 2018,https://requester.mturk.com/mturk/manageHIT?HITId=3WJGKMRWVI9L0ARR9VU4U5TG12DCDY,3YDTZAI2WXGR0VWUQQ9TZPB7BQA41B,A10M4SVDCER758,Approved,Sat Mar 24 14:04:00 PDT 2018,Sat Mar 24 13:45:42 PDT 2018,Sat Mar 24 14:03:55 PDT 2018,Sat Mar 24 14:04:37 PDT 2018,,,,
3WJGKMRWVI9L0ARR9VU4U5TG12DCDY,3S942EFUVJDXQLKG9BRR77GMILFJEA,Betting Game,"This HIT takes about 20 minutes. You will a series of betting games. You will decide which bet to make based on observing possible outcomes for different bets. This pays $0.25 plus a bonus of up to $9.99, based on your winnings.","experiment, decision-making, reward-maximization",$0.25 ,Sat Mar 24 13:41:31 PDT 2018,100,0,0,100,Reviewable,NotReviewed,https://cocosci.berkeley.edu/mturk/paul/mouselab_journalArticle/index.html,7200,5,Sat Apr 07 13:41:31 PDT 2018,https://requester.mturk.com/mturk/manageHIT?HITId=3WJGKMRWVI9L0ARR9VU4U5TG12DCDY,3DIP6YHAPCSR3XD8EHULNLA62LAE8B,A2N4A7XM3N1MM4,Approved,Sat Mar 24 14:04:14 PDT 2018,Sat Mar 24 13:42:55 PDT 2018,Sat Mar 24 14:04:09 PDT 2018,Sat Mar 24 14:04:37 PDT 2018,,,,
3WJGKMRWVI9L0ARR9VU4U5TG12DCDY,3S942EFUVJDXQLKG9BRR77GMILFJEA,Betting Game,"This HIT takes about 20 minutes. You will a series of betting games. You will decide which bet to make based on observing possible outcomes for different bets. This pays $0.25 plus a bonus of up to $9.99, based on your winnings.","experiment, decision-making, reward-maximization",$0.25 ,Sat Mar 24 13:41:31 PDT 2018,100,0,0,100,Reviewable,NotReviewed,https://cocosci.berkeley.edu/mturk/paul/mouselab_journalArticle/index.html,7200,5,Sat Apr 07 13:41:31 PDT 2018,https://requester.mturk.com/mturk/manageHIT?HITId=3WJGKMRWVI9L0ARR9VU4U5TG12DCDY,3QUO65DNQUOBDLXABYYMOPM93E8OU5,AQOXSP4W3ITSW,Approved,Sat Mar 24 14:04:22 PDT 2018,Sat Mar 24 13:46:26 PDT 2018,Sat Mar 24 14:04:17 PDT 2018,Sat Mar 24 14:04:37 PDT 2018,,,,
3WJGKMRWVI9L0ARR9VU4U5TG12DCDY,3S942EFUVJDXQLKG9BRR77GMILFJEA,Betting Game,"This HIT takes about 20 minutes. You will a series of betting games. You will decide which bet to make based on observing possible outcomes for different bets. This pays $0.25 plus a bonus of up to $9.99, based on your winnings.","experiment, decision-making, reward-maximization",$0.25 ,Sat Mar 24 13:41:31 PDT 2018,100,0,0,100,Reviewable,NotReviewed,https://cocosci.berkeley.edu/mturk/paul/mouselab_journalArticle/index.html,7200,5,Sat Apr 07 13:41:31 PDT 2018,https://requester.mturk.com/mturk/manageHIT?HITId=3WJGKMRWVI9L0ARR9VU4U5TG12DCDY,3BWI6RSP7G9N3J8P4C2F9LEBR14E7O,A1BAEJW3MDJ7FQ,Approved,Sat Mar 24 14:04:39 PDT 2018,Sat Mar 24 13:42:21 PDT 2018,Sat Mar 24 14:04:34 PDT 2018,Sat Mar 24 14:05:37 PDT 2018,,,,
3WJGKMRWVI9L0ARR9VU4U5TG12DCDY,3S942EFUVJDXQLKG9BRR77GMILFJEA,Betting Game,"This HIT takes about 20 minutes. You will a series of betting games. You will decide which bet to make based on observing possible outcomes for different bets. This pays $0.25 plus a bonus of up to $9.99, based on your winnings.","experiment, decision-making, reward-maximization",$0.25 ,Sat Mar 24 13:41:31 PDT 2018,100,0,0,100,Reviewable,NotReviewed,https://cocosci.berkeley.edu/mturk/paul/mouselab_journalArticle/index.html,7200,5,Sat Apr 07 13:41:31 PDT 2018,https://requester.mturk.com/mturk/manageHIT?HITId=3WJGKMRWVI9L0ARR9VU4U5TG12DCDY,3TE22NPXPBC8SUTDD8SVXNIANAK44O,A3SOJWB6AZWZV9,Approved,Sat Mar 24 14:05:01 PDT 2018,Sat Mar 24 13:46:11 PDT 2018,Sat Mar 24 14:04:56 PDT 2018,Sat Mar 24 14:05:37 PDT 2018,,,,
3WJGKMRWVI9L0ARR9VU4U5TG12DCDY,3S942EFUVJDXQLKG9BRR77GMILFJEA,Betting Game,"This HIT takes about 20 minutes. You will a series of betting games. You will decide which bet to make based on observing possible outcomes for different bets. This pays $0.25 plus a bonus of up to $9.99, based on your winnings.","experiment, decision-making, reward-maximization",$0.25 ,Sat Mar 24 13:41:31 PDT 2018,100,0,0,100,Reviewable,NotReviewed,https://cocosci.berkeley.edu/mturk/paul/mouselab_journalArticle/index.html,7200,5,Sat Apr 07 13:41:31 PDT 2018,https://requester.mturk.com/mturk/manageHIT?HITId=3WJGKMRWVI9L0ARR9VU4U5TG12DCDY,3IRIK4HM3AKP2LA6PBRSDJECBE76CO,A6TSV1WPP3GG3,Approved,Sat Mar 24 14:05:04 PDT 2018,Sat Mar 24 13:47:55 PDT 2018,Sat Mar 24 14:04:59 PDT 2018,Sat Mar 24 14:05:37 PDT 2018,,,,
3WJGKMRWVI9L0ARR9VU4U5TG12DCDY,3S942EFUVJDXQLKG9BRR77GMILFJEA,Betting Game,"This HIT takes about 20 minutes. You will a series of betting games. You will decide which bet to make based on observing possible outcomes for different bets. This pays $0.25 plus a bonus of up to $9.99, based on your winnings.","experiment, decision-making, reward-maximization",$0.25 ,Sat Mar 24 13:41:31 PDT 2018,100,0,0,100,Reviewable,NotReviewed,https://cocosci.berkeley.edu/mturk/paul/mouselab_journalArticle/index.html,7200,5,Sat Apr 07 13:41:31 PDT 2018,https://requester.mturk.com/mturk/manageHIT?HITId=3WJGKMRWVI9L0ARR9VU4U5TG12DCDY,3XUHV3NRVKYK0PL86KVOW4XSSB1H5S,A2GOK2TYJIHR8,Approved,Sat Mar 24 14:05:15 PDT 2018,Sat Mar 24 13:43:22 PDT 2018,Sat Mar 24 14:05:10 PDT 2018,Sat Mar 24 14:05:37 PDT 2018,,,,
3WJGKMRWVI9L0ARR9VU4U5TG12DCDY,3S942EFUVJDXQLKG9BRR77GMILFJEA,Betting Game,"This HIT takes about 20 minutes. You will a series of betting games. You will decide which bet to make based on observing possible outcomes for different bets. This pays $0.25 plus a bonus of up to $9.99, based on your winnings.","experiment, decision-making, reward-maximization",$0.25 ,Sat Mar 24 13:41:31 PDT 2018,100,0,0,100,Reviewable,NotReviewed,https://cocosci.berkeley.edu/mturk/paul/mouselab_journalArticle/index.html,7200,5,Sat Apr 07 13:41:31 PDT 2018,https://requester.mturk.com/mturk/manageHIT?HITId=3WJGKMRWVI9L0ARR9VU4U5TG12DCDY,3570Y55XZPJ42H0HXGI3M1JK8GSGY8,AA1NQOU3UEG1M,Approved,Sat Mar 24 14:05:17 PDT 2018,Sat Mar 24 13:42:17 PDT 2018,Sat Mar 24 14:05:12 PDT 2018,Sat Mar 24 14:05:37 PDT 2018,,,,
3WJGKMRWVI9L0ARR9VU4U5TG12DCDY,3S942EFUVJDXQLKG9BRR77GMILFJEA,Betting Game,"This HIT takes about 20 minutes. You will a series of betting games. You will decide which bet to make based on observing possible outcomes for different bets. This pays $0.25 plus a bonus of up to $9.99, based on your winnings.","experiment, decision-making, reward-maximization",$0.25 ,Sat Mar 24 13:41:31 PDT 2018,100,0,0,100,Reviewable,NotReviewed,https://cocosci.berkeley.edu/mturk/paul/mouselab_journalArticle/index.html,7200,5,Sat Apr 07 13:41:31 PDT 2018,https://requester.mturk.com/mturk/manageHIT?HITId=3WJGKMRWVI9L0ARR9VU4U5TG12DCDY,320DUZ38G7ME7S5IBGH0CE4WVCJJGH,A2TI9CGVG147MZ,Approved,Sat Mar 24 14:05:32 PDT 2018,Sat Mar 24 13:42:25 PDT 2018,Sat Mar 24 14:05:27 PDT 2018,Sat Mar 24 14:05:37 PDT 2018,,,,
3WJGKMRWVI9L0ARR9VU4U5TG12DCDY,3S942EFUVJDXQLKG9BRR77GMILFJEA,Betting Game,"This HIT takes about 20 minutes. You will a series of betting games. You will decide which bet to make based on observing possible outcomes for different bets. This pays $0.25 plus a bonus of up to $9.99, based on your winnings.","experiment, decision-making, reward-maximization",$0.25 ,Sat Mar 24 13:41:31 PDT 2018,100,0,0,100,Reviewable,NotReviewed,https://cocosci.berkeley.edu/mturk/paul/mouselab_journalArticle/index.html,7200,5,Sat Apr 07 13:41:31 PDT 2018,https://requester.mturk.com/mturk/manageHIT?HITId=3WJGKMRWVI9L0ARR9VU4U5TG12DCDY,3PZDLQMM0TL1KKR529FPN6X0V952C3,A1TO8F0HIM1OBQ,Approved,Sat Mar 24 14:05:34 PDT 2018,Sat Mar 24 13:43:24 PDT 2018,Sat Mar 24 14:05:29 PDT 2018,Sat Mar 24 14:05:37 PDT 2018,,,,
3WJGKMRWVI9L0ARR9VU4U5TG12DCDY,3S942EFUVJDXQLKG9BRR77GMILFJEA,Betting Game,"This HIT takes about 20 minutes. You will a series of betting games. You will decide which bet to make based on observing possible outcomes for different bets. This pays $0.25 plus a bonus of up to $9.99, based on your winnings.","experiment, decision-making, reward-maximization",$0.25 ,Sat Mar 24 13:41:31 PDT 2018,100,0,0,100,Reviewable,NotReviewed,https://cocosci.berkeley.edu/mturk/paul/mouselab_journalArticle/index.html,7200,5,Sat Apr 07 13:41:31 PDT 2018,https://requester.mturk.com/mturk/manageHIT?HITId=3WJGKMRWVI9L0ARR9VU4U5TG12DCDY,34PGFRQONOBA4EVIQLLIYHQKP09JWG,A2ZKUU1KLDSGL0,Approved,Sat Mar 24 14:06:05 PDT 2018,Sat Mar 24 13:44:25 PDT 2018,Sat Mar 24 14:06:00 PDT 2018,Sat Mar 24 14:06:37 PDT 2018,,,,
3WJGKMRWVI9L0ARR9VU4U5TG12DCDY,3S942EFUVJDXQLKG9BRR77GMILFJEA,Betting Game,"This HIT takes about 20 minutes. You will a series of betting games. You will decide which bet to make based on observing possible outcomes for different bets. This pays $0.25 plus a bonus of up to $9.99, based on your winnings.","experiment, decision-making, reward-maximization",$0.25 ,Sat Mar 24 13:41:31 PDT 2018,100,0,0,100,Reviewable,NotReviewed,https://cocosci.berkeley.edu/mturk/paul/mouselab_journalArticle/index.html,7200,5,Sat Apr 07 13:41:31 PDT 2018,https://requester.mturk.com/mturk/manageHIT?HITId=3WJGKMRWVI9L0ARR9VU4U5TG12DCDY,308Q0PEVB8D3X7Y4FSQQ8W39EKZ9I4,A1PLBPA6W1RZFD,Approved,Sat Mar 24 14:06:34 PDT 2018,Sat Mar 24 13:45:19 PDT 2018,Sat Mar 24 14:06:29 PDT 2018,Sat Mar 24 14:06:37 PDT 2018,,,,
3WJGKMRWVI9L0ARR9VU4U5TG12DCDY,3S942EFUVJDXQLKG9BRR77GMILFJEA,Betting Game,"This HIT takes about 20 minutes. You will a series of betting games. You will decide which bet to make based on observing possible outcomes for different bets. This pays $0.25 plus a bonus of up to $9.99, based on your winnings.","experiment, decision-making, reward-maximization",$0.25 ,Sat Mar 24 13:41:31 PDT 2018,100,0,0,100,Reviewable,NotReviewed,https://cocosci.berkeley.edu/mturk/paul/mouselab_journalArticle/index.html,7200,5,Sat Apr 07 13:41:31 PDT 2018,https://requester.mturk.com/mturk/manageHIT?HITId=3WJGKMRWVI9L0ARR9VU4U5TG12DCDY,3G2UL9A02DEJQ4FAYUJHXXMYA3G67V,A2A4UAFZ5LW71K,Approved,Sat Mar 24 14:07:22 PDT 2018,Sat Mar 24 13:42:01 PDT 2018,Sat Mar 24 14:07:17 PDT 2018,Sat Mar 24 14:07:37 PDT 2018,,,,
3WJGKMRWVI9L0ARR9VU4U5TG12DCDY,3S942EFUVJDXQLKG9BRR77GMILFJEA,Betting Game,"This HIT takes about 20 minutes. You will a series of betting games. You will decide which bet to make based on observing possible outcomes for different bets. This pays $0.25 plus a bonus of up to $9.99, based on your winnings.","experiment, decision-making, reward-maximization",$0.25 ,Sat Mar 24 13:41:31 PDT 2018,100,0,0,100,Reviewable,NotReviewed,https://cocosci.berkeley.edu/mturk/paul/mouselab_journalArticle/index.html,7200,5,Sat Apr 07 13:41:31 PDT 2018,https://requester.mturk.com/mturk/manageHIT?HITId=3WJGKMRWVI9L0ARR9VU4U5TG12DCDY,3KKG4CDWKIY9P0ZPU3OMEVTQ92Y49K,A2RWLFIP23FZA7,Approved,Sat Mar 24 14:07:32 PDT 2018,Sat Mar 24 13:49:53 PDT 2018,Sat Mar 24 14:07:27 PDT 2018,Sat Mar 24 14:07:37 PDT 2018,,,,
3WJGKMRWVI9L0ARR9VU4U5TG12DCDY,3S942EFUVJDXQLKG9BRR77GMILFJEA,Betting Game,"This HIT takes about 20 minutes. You will a series of betting games. You will decide which bet to make based on observing possible outcomes for different bets. This pays $0.25 plus a bonus of up to $9.99, based on your winnings.","experiment, decision-making, reward-maximization",$0.25 ,Sat Mar 24 13:41:31 PDT 2018,100,0,0,100,Reviewable,NotReviewed,https://cocosci.berkeley.edu/mturk/paul/mouselab_journalArticle/index.html,7200,5,Sat Apr 07 13:41:31 PDT 2018,https://requester.mturk.com/mturk/manageHIT?HITId=3WJGKMRWVI9L0ARR9VU4U5TG12DCDY,39K0FND3AHF3Y9Y0SD2IWKLA1B1MAC,A2GOYSTIL3LOV1,Approved,Sat Mar 24 14:08:13 PDT 2018,Sat Mar 24 13:45:02 PDT 2018,Sat Mar 24 14:08:08 PDT 2018,Sat Mar 24 14:08:37 PDT 2018,,,,
3WJGKMRWVI9L0ARR9VU4U5TG12DCDY,3S942EFUVJDXQLKG9BRR77GMILFJEA,Betting Game,"This HIT takes about 20 minutes. You will a series of betting games. You will decide which bet to make based on observing possible outcomes for different bets. This pays $0.25 plus a bonus of up to $9.99, based on your winnings.","experiment, decision-making, reward-maximization",$0.25 ,Sat Mar 24 13:41:31 PDT 2018,100,0,0,100,Reviewable,NotReviewed,https://cocosci.berkeley.edu/mturk/paul/mouselab_journalArticle/index.html,7200,5,Sat Apr 07 13:41:31 PDT 2018,https://requester.mturk.com/mturk/manageHIT?HITId=3WJGKMRWVI9L0ARR9VU4U5TG12DCDY,3I33IC7ZWF2DR5U7IVJYHB7CV6K2A1,AYFOAD75CRBKE,Approved,Sat Mar 24 14:08:14 PDT 2018,Sat Mar 24 13:42:49 PDT 2018,Sat Mar 24 14:08:09 PDT 2018,Sat Mar 24 14:08:37 PDT 2018,,,,
3WJGKMRWVI9L0ARR9VU4U5TG12DCDY,3S942EFUVJDXQLKG9BRR77GMILFJEA,Betting Game,"This HIT takes about 20 minutes. You will a series of betting games. You will decide which bet to make based on observing possible outcomes for different bets. This pays $0.25 plus a bonus of up to $9.99, based on your winnings.","experiment, decision-making, reward-maximization",$0.25 ,Sat Mar 24 13:41:31 PDT 2018,100,0,0,100,Reviewable,NotReviewed,https://cocosci.berkeley.edu/mturk/paul/mouselab_journalArticle/index.html,7200,5,Sat Apr 07 13:41:31 PDT 2018,https://requester.mturk.com/mturk/manageHIT?HITId=3WJGKMRWVI9L0ARR9VU4U5TG12DCDY,3C8HJ7UOP7U4ZH6845IHDDCJAW7ZMP,A3FOL78K2EQYVN,Approved,Sat Mar 24 14:08:20 PDT 2018,Sat Mar 24 13:42:14 PDT 2018,Sat Mar 24 14:08:15 PDT 2018,Sat Mar 24 14:08:37 PDT 2018,,,,
3WJGKMRWVI9L0ARR9VU4U5TG12DCDY,3S942EFUVJDXQLKG9BRR77GMILFJEA,Betting Game,"This HIT takes about 20 minutes. You will a series of betting games. You will decide which bet to make based on observing possible outcomes for different bets. This pays $0.25 plus a bonus of up to $9.99, based on your winnings.","experiment, decision-making, reward-maximization",$0.25 ,Sat Mar 24 13:41:31 PDT 2018,100,0,0,100,Reviewable,NotReviewed,https://cocosci.berkeley.edu/mturk/paul/mouselab_journalArticle/index.html,7200,5,Sat Apr 07 13:41:31 PDT 2018,https://requester.mturk.com/mturk/manageHIT?HITId=3WJGKMRWVI9L0ARR9VU4U5TG12DCDY,386CSBG1OZMTWMKPUTSNXO3TFT86QT,A1BMZUNL98C5GL,Approved,Sat Mar 24 14:08:34 PDT 2018,Sat Mar 24 13:44:49 PDT 2018,Sat Mar 24 14:08:29 PDT 2018,Sat Mar 24 14:09:37 PDT 2018,,,,
3WJGKMRWVI9L0ARR9VU4U5TG12DCDY,3S942EFUVJDXQLKG9BRR77GMILFJEA,Betting Game,"This HIT takes about 20 minutes. You will a series of betting games. You will decide which bet to make based on observing possible outcomes for different bets. This pays $0.25 plus a bonus of up to $9.99, based on your winnings.","experiment, decision-making, reward-maximization",$0.25 ,Sat Mar 24 13:41:31 PDT 2018,100,0,0,100,Reviewable,NotReviewed,https://cocosci.berkeley.edu/mturk/paul/mouselab_journalArticle/index.html,7200,5,Sat Apr 07 13:41:31 PDT 2018,https://requester.mturk.com/mturk/manageHIT?HITId=3WJGKMRWVI9L0ARR9VU4U5TG12DCDY,3TR2532VIPUCAZGCZ38E0NR71YG6J2,A16OTH6EQHJFA,Approved,Sat Mar 24 14:08:40 PDT 2018,Sat Mar 24 13:43:35 PDT 2018,Sat Mar 24 14:08:35 PDT 2018,Sat Mar 24 14:09:37 PDT 2018,,,,
3WJGKMRWVI9L0ARR9VU4U5TG12DCDY,3S942EFUVJDXQLKG9BRR77GMILFJEA,Betting Game,"This HIT takes about 20 minutes. You will a series of betting games. You will decide which bet to make based on observing possible outcomes for different bets. This pays $0.25 plus a bonus of up to $9.99, based on your winnings.","experiment, decision-making, reward-maximization",$0.25 ,Sat Mar 24 13:41:31 PDT 2018,100,0,0,100,Reviewable,NotReviewed,https://cocosci.berkeley.edu/mturk/paul/mouselab_journalArticle/index.html,7200,5,Sat Apr 07 13:41:31 PDT 2018,https://requester.mturk.com/mturk/manageHIT?HITId=3WJGKMRWVI9L0ARR9VU4U5TG12DCDY,3BEFOD78W6TOWKIJJCSRJHZA915M41,A1TSPXCPRHR73P,Approved,Sat Mar 24 14:08:47 PDT 2018,Sat Mar 24 13:43:15 PDT 2018,Sat Mar 24 14:08:42 PDT 2018,Sat Mar 24 14:09:37 PDT 2018,,,,
3WJGKMRWVI9L0ARR9VU4U5TG12DCDY,3S942EFUVJDXQLKG9BRR77GMILFJEA,Betting Game,"This HIT takes about 20 minutes. You will a series of betting games. You will decide which bet to make based on observing possible outcomes for different bets. This pays $0.25 plus a bonus of up to $9.99, based on your winnings.","experiment, decision-making, reward-maximization",$0.25 ,Sat Mar 24 13:41:31 PDT 2018,100,0,0,100,Reviewable,NotReviewed,https://cocosci.berkeley.edu/mturk/paul/mouselab_journalArticle/index.html,7200,5,Sat Apr 07 13:41:31 PDT 2018,https://requester.mturk.com/mturk/manageHIT?HITId=3WJGKMRWVI9L0ARR9VU4U5TG12DCDY,3L4D84MILZSS7O0TVMZIXEGXACWJHG,A2CF2BD4Q0ZDJN,Approved,Sat Mar 24 14:09:31 PDT 2018,Sat Mar 24 13:42:29 PDT 2018,Sat Mar 24 14:09:26 PDT 2018,Sat Mar 24 14:09:37 PDT 2018,,,,
3WJGKMRWVI9L0ARR9VU4U5TG12DCDY,3S942EFUVJDXQLKG9BRR77GMILFJEA,Betting Game,"This HIT takes about 20 minutes. You will a series of betting games. You will decide which bet to make based on observing possible outcomes for different bets. This pays $0.25 plus a bonus of up to $9.99, based on your winnings.","experiment, decision-making, reward-maximization",$0.25 ,Sat Mar 24 13:41:31 PDT 2018,100,0,0,100,Reviewable,NotReviewed,https://cocosci.berkeley.edu/mturk/paul/mouselab_journalArticle/index.html,7200,5,Sat Apr 07 13:41:31 PDT 2018,https://requester.mturk.com/mturk/manageHIT?HITId=3WJGKMRWVI9L0ARR9VU4U5TG12DCDY,386PBUZZXFXUTKJJM7EGP694RT5JLN,A1BH6H9WRK49I,Approved,Sat Mar 24 14:11:07 PDT 2018,Sat Mar 24 13:43:04 PDT 2018,Sat Mar 24 14:11:02 PDT 2018,Sat Mar 24 14:11:37 PDT 2018,,,,
3WJGKMRWVI9L0ARR9VU4U5TG12DCDY,3S942EFUVJDXQLKG9BRR77GMILFJEA,Betting Game,"This HIT takes about 20 minutes. You will a series of betting games. You will decide which bet to make based on observing possible outcomes for different bets. This pays $0.25 plus a bonus of up to $9.99, based on your winnings.","experiment, decision-making, reward-maximization",$0.25 ,Sat Mar 24 13:41:31 PDT 2018,100,0,0,100,Reviewable,NotReviewed,https://cocosci.berkeley.edu/mturk/paul/mouselab_journalArticle/index.html,7200,5,Sat Apr 07 13:41:31 PDT 2018,https://requester.mturk.com/mturk/manageHIT?HITId=3WJGKMRWVI9L0ARR9VU4U5TG12DCDY,35K3O9HUABD0ICNVMV0RXDRSPPNEFS,A1506T1PAYRT16,Approved,Sat Mar 24 14:11:16 PDT 2018,Sat Mar 24 13:43:52 PDT 2018,Sat Mar 24 14:11:11 PDT 2018,Sat Mar 24 14:11:37 PDT 2018,,,,
3WJGKMRWVI9L0ARR9VU4U5TG12DCDY,3S942EFUVJDXQLKG9BRR77GMILFJEA,Betting Game,"This HIT takes about 20 minutes. You will a series of betting games. You will decide which bet to make based on observing possible outcomes for different bets. This pays $0.25 plus a bonus of up to $9.99, based on your winnings.","experiment, decision-making, reward-maximization",$0.25 ,Sat Mar 24 13:41:31 PDT 2018,100,0,0,100,Reviewable,NotReviewed,https://cocosci.berkeley.edu/mturk/paul/mouselab_journalArticle/index.html,7200,5,Sat Apr 07 13:41:31 PDT 2018,https://requester.mturk.com/mturk/manageHIT?HITId=3WJGKMRWVI9L0ARR9VU4U5TG12DCDY,3U4J9857OEBPWGW5UL0P8D8QO4R7BH,A2MKXI4KCRRI7Y,Approved,Sat Mar 24 14:11:16 PDT 2018,Sat Mar 24 13:50:24 PDT 2018,Sat Mar 24 14:11:11 PDT 2018,Sat Mar 24 14:11:37 PDT 2018,,,,
3WJGKMRWVI9L0ARR9VU4U5TG12DCDY,3S942EFUVJDXQLKG9BRR77GMILFJEA,Betting Game,"This HIT takes about 20 minutes. You will a series of betting games. You will decide which bet to make based on observing possible outcomes for different bets. This pays $0.25 plus a bonus of up to $9.99, based on your winnings.","experiment, decision-making, reward-maximization",$0.25 ,Sat Mar 24 13:41:31 PDT 2018,100,0,0,100,Reviewable,NotReviewed,https://cocosci.berkeley.edu/mturk/paul/mouselab_journalArticle/index.html,7200,5,Sat Apr 07 13:41:31 PDT 2018,https://requester.mturk.com/mturk/manageHIT?HITId=3WJGKMRWVI9L0ARR9VU4U5TG12DCDY,3AAJC4I4FGSEY90N185PXLK262DJZ6,A4JDANAGZXH6R,Approved,Sat Mar 24 14:11:20 PDT 2018,Sat Mar 24 13:44:53 PDT 2018,Sat Mar 24 14:11:15 PDT 2018,Sat Mar 24 14:11:37 PDT 2018,,,,
3WJGKMRWVI9L0ARR9VU4U5TG12DCDY,3S942EFUVJDXQLKG9BRR77GMILFJEA,Betting Game,"This HIT takes about 20 minutes. You will a series of betting games. You will decide which bet to make based on observing possible outcomes for different bets. This pays $0.25 plus a bonus of up to $9.99, based on your winnings.","experiment, decision-making, reward-maximization",$0.25 ,Sat Mar 24 13:41:31 PDT 2018,100,0,0,100,Reviewable,NotReviewed,https://cocosci.berkeley.edu/mturk/paul/mouselab_journalArticle/index.html,7200,5,Sat Apr 07 13:41:31 PDT 2018,https://requester.mturk.com/mturk/manageHIT?HITId=3WJGKMRWVI9L0ARR9VU4U5TG12DCDY,34X6J5FLPTY5KHZWECMC6S8Y1ZSJQC,A37JA32OJCPHML,Approved,Sat Mar 24 14:13:03 PDT 2018,Sat Mar 24 13:43:45 PDT 2018,Sat Mar 24 14:12:58 PDT 2018,Sat Mar 24 14:13:39 PDT 2018,,,,
3WJGKMRWVI9L0ARR9VU4U5TG12DCDY,3S942EFUVJDXQLKG9BRR77GMILFJEA,Betting Game,"This HIT takes about 20 minutes. You will a series of betting games. You will decide which bet to make based on observing possible outcomes for different bets. This pays $0.25 plus a bonus of up to $9.99, based on your winnings.","experiment, decision-making, reward-maximization",$0.25 ,Sat Mar 24 13:41:31 PDT 2018,100,0,0,100,Reviewable,NotReviewed,https://cocosci.berkeley.edu/mturk/paul/mouselab_journalArticle/index.html,7200,5,Sat Apr 07 13:41:31 PDT 2018,https://requester.mturk.com/mturk/manageHIT?HITId=3WJGKMRWVI9L0ARR9VU4U5TG12DCDY,3E47SOBEYQW5V557RC0HAM4HK52CIO,A2S75O867RJG0I,Approved,Sat Mar 24 14:13:44 PDT 2018,Sat Mar 24 13:51:29 PDT 2018,Sat Mar 24 14:13:39 PDT 2018,Sat Mar 24 14:14:37 PDT 2018,,,,
3WJGKMRWVI9L0ARR9VU4U5TG12DCDY,3S942EFUVJDXQLKG9BRR77GMILFJEA,Betting Game,"This HIT takes about 20 minutes. You will a series of betting games. You will decide which bet to make based on observing possible outcomes for different bets. This pays $0.25 plus a bonus of up to $9.99, based on your winnings.","experiment, decision-making, reward-maximization",$0.25 ,Sat Mar 24 13:41:31 PDT 2018,100,0,0,100,Reviewable,NotReviewed,https://cocosci.berkeley.edu/mturk/paul/mouselab_journalArticle/index.html,7200,5,Sat Apr 07 13:41:31 PDT 2018,https://requester.mturk.com/mturk/manageHIT?HITId=3WJGKMRWVI9L0ARR9VU4U5TG12DCDY,3TMFV4NEP8ELKXZZZHOR9RH69PF8WL,A18SI5095GGGWT,Approved,Sat Mar 24 14:13:57 PDT 2018,Sat Mar 24 13:42:05 PDT 2018,Sat Mar 24 14:13:52 PDT 2018,Sat Mar 24 14:14:38 PDT 2018,,,,
3WJGKMRWVI9L0ARR9VU4U5TG12DCDY,3S942EFUVJDXQLKG9BRR77GMILFJEA,Betting Game,"This HIT takes about 20 minutes. You will a series of betting games. You will decide which bet to make based on observing possible outcomes for different bets. This pays $0.25 plus a bonus of up to $9.99, based on your winnings.","experiment, decision-making, reward-maximization",$0.25 ,Sat Mar 24 13:41:31 PDT 2018,100,0,0,100,Reviewable,NotReviewed,https://cocosci.berkeley.edu/mturk/paul/mouselab_journalArticle/index.html,7200,5,Sat Apr 07 13:41:31 PDT 2018,https://requester.mturk.com/mturk/manageHIT?HITId=3WJGKMRWVI9L0ARR9VU4U5TG12DCDY,36PW28KO4ZW5ML6NBFEZJCG1S9AEAF,A1HNE8HESW1O0H,Approved,Sat Mar 24 14:14:43 PDT 2018,Sat Mar 24 13:43:05 PDT 2018,Sat Mar 24 14:14:38 PDT 2018,Sat Mar 24 14:15:37 PDT 2018,,,,
3WJGKMRWVI9L0ARR9VU4U5TG12DCDY,3S942EFUVJDXQLKG9BRR77GMILFJEA,Betting Game,"This HIT takes about 20 minutes. You will a series of betting games. You will decide which bet to make based on observing possible outcomes for different bets. This pays $0.25 plus a bonus of up to $9.99, based on your winnings.","experiment, decision-making, reward-maximization",$0.25 ,Sat Mar 24 13:41:31 PDT 2018,100,0,0,100,Reviewable,NotReviewed,https://cocosci.berkeley.edu/mturk/paul/mouselab_journalArticle/index.html,7200,5,Sat Apr 07 13:41:31 PDT 2018,https://requester.mturk.com/mturk/manageHIT?HITId=3WJGKMRWVI9L0ARR9VU4U5TG12DCDY,3L70J4KAZGM0UFSNFK3FDUYGSX9ADI,A2XSGALF8O9ISQ,Approved,Sat Mar 24 14:14:53 PDT 2018,Sat Mar 24 13:50:06 PDT 2018,Sat Mar 24 14:14:48 PDT 2018,Sat Mar 24 14:15:37 PDT 2018,,,,
3WJGKMRWVI9L0ARR9VU4U5TG12DCDY,3S942EFUVJDXQLKG9BRR77GMILFJEA,Betting Game,"This HIT takes about 20 minutes. You will a series of betting games. You will decide which bet to make based on observing possible outcomes for different bets. This pays $0.25 plus a bonus of up to $9.99, based on your winnings.","experiment, decision-making, reward-maximization",$0.25 ,Sat Mar 24 13:41:31 PDT 2018,100,0,0,100,Reviewable,NotReviewed,https://cocosci.berkeley.edu/mturk/paul/mouselab_journalArticle/index.html,7200,5,Sat Apr 07 13:41:31 PDT 2018,https://requester.mturk.com/mturk/manageHIT?HITId=3WJGKMRWVI9L0ARR9VU4U5TG12DCDY,3LRLIPTPEQ988LYX71P2H7T6C66KA5,A2KI7W45F6HRVY,Approved,Sat Mar 24 14:15:12 PDT 2018,Sat Mar 24 13:47:53 PDT 2018,Sat Mar 24 14:15:07 PDT 2018,Sat Mar 24 14:15:38 PDT 2018,,,,
3WJGKMRWVI9L0ARR9VU4U5TG12DCDY,3S942EFUVJDXQLKG9BRR77GMILFJEA,Betting Game,"This HIT takes about 20 minutes. You will a series of betting games. You will decide which bet to make based on observing possible outcomes for different bets. This pays $0.25 plus a bonus of up to $9.99, based on your winnings.","experiment, decision-making, reward-maximization",$0.25 ,Sat Mar 24 13:41:31 PDT 2018,100,0,0,100,Reviewable,NotReviewed,https://cocosci.berkeley.edu/mturk/paul/mouselab_journalArticle/index.html,7200,5,Sat Apr 07 13:41:31 PDT 2018,https://requester.mturk.com/mturk/manageHIT?HITId=3WJGKMRWVI9L0ARR9VU4U5TG12DCDY,333U7HK6I9FBV8VR9QGS6T1ZIK3JD7,A1R5W4RQZTROD8,Approved,Sat Mar 24 14:16:00 PDT 2018,Sat Mar 24 13:42:15 PDT 2018,Sat Mar 24 14:15:55 PDT 2018,Sat Mar 24 14:16:37 PDT 2018,,,,
3WJGKMRWVI9L0ARR9VU4U5TG12DCDY,3S942EFUVJDXQLKG9BRR77GMILFJEA,Betting Game,"This HIT takes about 20 minutes. You will a series of betting games. You will decide which bet to make based on observing possible outcomes for different bets. This pays $0.25 plus a bonus of up to $9.99, based on your winnings.","experiment, decision-making, reward-maximization",$0.25 ,Sat Mar 24 13:41:31 PDT 2018,100,0,0,100,Reviewable,NotReviewed,https://cocosci.berkeley.edu/mturk/paul/mouselab_journalArticle/index.html,7200,5,Sat Apr 07 13:41:31 PDT 2018,https://requester.mturk.com/mturk/manageHIT?HITId=3WJGKMRWVI9L0ARR9VU4U5TG12DCDY,3Z2R0DQ0JHEGHIBJY0LKDUX3GLIE28,A3VOSFN1XRFF01,Approved,Sat Mar 24 14:16:27 PDT 2018,Sat Mar 24 13:42:01 PDT 2018,Sat Mar 24 14:16:22 PDT 2018,Sat Mar 24 14:16:37 PDT 2018,,,,
3WJGKMRWVI9L0ARR9VU4U5TG12DCDY,3S942EFUVJDXQLKG9BRR77GMILFJEA,Betting Game,"This HIT takes about 20 minutes. You will a series of betting games. You will decide which bet to make based on observing possible outcomes for different bets. This pays $0.25 plus a bonus of up to $9.99, based on your winnings.","experiment, decision-making, reward-maximization",$0.25 ,Sat Mar 24 13:41:31 PDT 2018,100,0,0,100,Reviewable,NotReviewed,https://cocosci.berkeley.edu/mturk/paul/mouselab_journalArticle/index.html,7200,5,Sat Apr 07 13:41:31 PDT 2018,https://requester.mturk.com/mturk/manageHIT?HITId=3WJGKMRWVI9L0ARR9VU4U5TG12DCDY,3OLF68YTN91XSZ6J6QY51U114APAFT,AT7THGIGM9XN5,Approved,Sat Mar 24 14:16:38 PDT 2018,Sat Mar 24 13:50:30 PDT 2018,Sat Mar 24 14:16:33 PDT 2018,Sat Mar 24 14:17:37 PDT 2018,,,,
3WJGKMRWVI9L0ARR9VU4U5TG12DCDY,3S942EFUVJDXQLKG9BRR77GMILFJEA,Betting Game,"This HIT takes about 20 minutes. You will a series of betting games. You will decide which bet to make based on observing possible outcomes for different bets. This pays $0.25 plus a bonus of up to $9.99, based on your winnings.","experiment, decision-making, reward-maximization",$0.25 ,Sat Mar 24 13:41:31 PDT 2018,100,0,0,100,Reviewable,NotReviewed,https://cocosci.berkeley.edu/mturk/paul/mouselab_journalArticle/index.html,7200,5,Sat Apr 07 13:41:31 PDT 2018,https://requester.mturk.com/mturk/manageHIT?HITId=3WJGKMRWVI9L0ARR9VU4U5TG12DCDY,3N4BPTXIO8SSNUCVD66TH850J9YKUH,AYF8B7WJO2YQU,Approved,Sat Mar 24 14:17:03 PDT 2018,Sat Mar 24 13:52:06 PDT 2018,Sat Mar 24 14:16:58 PDT 2018,Sat Mar 24 14:17:37 PDT 2018,,,,
3WJGKMRWVI9L0ARR9VU4U5TG12DCDY,3S942EFUVJDXQLKG9BRR77GMILFJEA,Betting Game,"This HIT takes about 20 minutes. You will a series of betting games. You will decide which bet to make based on observing possible outcomes for different bets. This pays $0.25 plus a bonus of up to $9.99, based on your winnings.","experiment, decision-making, reward-maximization",$0.25 ,Sat Mar 24 13:41:31 PDT 2018,100,0,0,100,Reviewable,NotReviewed,https://cocosci.berkeley.edu/mturk/paul/mouselab_journalArticle/index.html,7200,5,Sat Apr 07 13:41:31 PDT 2018,https://requester.mturk.com/mturk/manageHIT?HITId=3WJGKMRWVI9L0ARR9VU4U5TG12DCDY,3BF51CHDTVAL5IZ79EPCF911B3QH07,A2VQ1WGHLLLNJ1,Approved,Sat Mar 24 14:17:28 PDT 2018,Sat Mar 24 13:42:42 PDT 2018,Sat Mar 24 14:17:23 PDT 2018,Sat Mar 24 14:17:37 PDT 2018,,,,
3WJGKMRWVI9L0ARR9VU4U5TG12DCDY,3S942EFUVJDXQLKG9BRR77GMILFJEA,Betting Game,"This HIT takes about 20 minutes. You will a series of betting games. You will decide which bet to make based on observing possible outcomes for different bets. This pays $0.25 plus a bonus of up to $9.99, based on your winnings.","experiment, decision-making, reward-maximization",$0.25 ,Sat Mar 24 13:41:31 PDT 2018,100,0,0,100,Reviewable,NotReviewed,https://cocosci.berkeley.edu/mturk/paul/mouselab_journalArticle/index.html,7200,5,Sat Apr 07 13:41:31 PDT 2018,https://requester.mturk.com/mturk/manageHIT?HITId=3WJGKMRWVI9L0ARR9VU4U5TG12DCDY,39ASUFLU6X7HIYEGMP6D3KRZTUJEXJ,AUOLR6JOD7STS,Approved,Sat Mar 24 14:17:43 PDT 2018,Sat Mar 24 13:47:32 PDT 2018,Sat Mar 24 14:17:38 PDT 2018,Sat Mar 24 14:18:37 PDT 2018,,,,
3WJGKMRWVI9L0ARR9VU4U5TG12DCDY,3S942EFUVJDXQLKG9BRR77GMILFJEA,Betting Game,"This HIT takes about 20 minutes. You will a series of betting games. You will decide which bet to make based on observing possible outcomes for different bets. This pays $0.25 plus a bonus of up to $9.99, based on your winnings.","experiment, decision-making, reward-maximization",$0.25 ,Sat Mar 24 13:41:31 PDT 2018,100,0,0,100,Reviewable,NotReviewed,https://cocosci.berkeley.edu/mturk/paul/mouselab_journalArticle/index.html,7200,5,Sat Apr 07 13:41:31 PDT 2018,https://requester.mturk.com/mturk/manageHIT?HITId=3WJGKMRWVI9L0ARR9VU4U5TG12DCDY,36H9ULYP62U8TS9N0WBIUT4KUXJJFI,A3NHJPE6326P9V,Approved,Sat Mar 24 14:18:00 PDT 2018,Sat Mar 24 13:42:22 PDT 2018,Sat Mar 24 14:17:55 PDT 2018,Sat Mar 24 14:18:37 PDT 2018,,,,
3WJGKMRWVI9L0ARR9VU4U5TG12DCDY,3S942EFUVJDXQLKG9BRR77GMILFJEA,Betting Game,"This HIT takes about 20 minutes. You will a series of betting games. You will decide which bet to make based on observing possible outcomes for different bets. This pays $0.25 plus a bonus of up to $9.99, based on your winnings.","experiment, decision-making, reward-maximization",$0.25 ,Sat Mar 24 13:41:31 PDT 2018,100,0,0,100,Reviewable,NotReviewed,https://cocosci.berkeley.edu/mturk/paul/mouselab_journalArticle/index.html,7200,5,Sat Apr 07 13:41:31 PDT 2018,https://requester.mturk.com/mturk/manageHIT?HITId=3WJGKMRWVI9L0ARR9VU4U5TG12DCDY,37C0GNLMHF3Z7DGKP7M3XPWUWEJ6DO,A2MD4K1YFYBLZN,Approved,Sat Mar 24 14:18:17 PDT 2018,Sat Mar 24 13:42:50 PDT 2018,Sat Mar 24 14:18:12 PDT 2018,Sat Mar 24 14:18:37 PDT 2018,,,,
3WJGKMRWVI9L0ARR9VU4U5TG12DCDY,3S942EFUVJDXQLKG9BRR77GMILFJEA,Betting Game,"This HIT takes about 20 minutes. You will a series of betting games. You will decide which bet to make based on observing possible outcomes for different bets. This pays $0.25 plus a bonus of up to $9.99, based on your winnings.","experiment, decision-making, reward-maximization",$0.25 ,Sat Mar 24 13:41:31 PDT 2018,100,0,0,100,Reviewable,NotReviewed,https://cocosci.berkeley.edu/mturk/paul/mouselab_journalArticle/index.html,7200,5,Sat Apr 07 13:41:31 PDT 2018,https://requester.mturk.com/mturk/manageHIT?HITId=3WJGKMRWVI9L0ARR9VU4U5TG12DCDY,3BQU611VFPKAM651BYKDV346VUC99L,AIOOOO5OXWXKM,Approved,Sat Mar 24 14:18:33 PDT 2018,Sat Mar 24 13:44:08 PDT 2018,Sat Mar 24 14:18:28 PDT 2018,Sat Mar 24 14:19:37 PDT 2018,,,,
3WJGKMRWVI9L0ARR9VU4U5TG12DCDY,3S942EFUVJDXQLKG9BRR77GMILFJEA,Betting Game,"This HIT takes about 20 minutes. You will a series of betting games. You will decide which bet to make based on observing possible outcomes for different bets. This pays $0.25 plus a bonus of up to $9.99, based on your winnings.","experiment, decision-making, reward-maximization",$0.25 ,Sat Mar 24 13:41:31 PDT 2018,100,0,0,100,Reviewable,NotReviewed,https://cocosci.berkeley.edu/mturk/paul/mouselab_journalArticle/index.html,7200,5,Sat Apr 07 13:41:31 PDT 2018,https://requester.mturk.com/mturk/manageHIT?HITId=3WJGKMRWVI9L0ARR9VU4U5TG12DCDY,3SUWZRL0MYD4ZJUKL2XN37EFWQKE6P,A2C39KTRMOM1XZ,Approved,Sat Mar 24 14:19:13 PDT 2018,Sat Mar 24 13:42:08 PDT 2018,Sat Mar 24 14:19:08 PDT 2018,Sat Mar 24 14:19:37 PDT 2018,,,,
3WJGKMRWVI9L0ARR9VU4U5TG12DCDY,3S942EFUVJDXQLKG9BRR77GMILFJEA,Betting Game,"This HIT takes about 20 minutes. You will a series of betting games. You will decide which bet to make based on observing possible outcomes for different bets. This pays $0.25 plus a bonus of up to $9.99, based on your winnings.","experiment, decision-making, reward-maximization",$0.25 ,Sat Mar 24 13:41:31 PDT 2018,100,0,0,100,Reviewable,NotReviewed,https://cocosci.berkeley.edu/mturk/paul/mouselab_journalArticle/index.html,7200,5,Sat Apr 07 13:41:31 PDT 2018,https://requester.mturk.com/mturk/manageHIT?HITId=3WJGKMRWVI9L0ARR9VU4U5TG12DCDY,3R5F3LQFV2KSZKRKHLXU5H1O5WMZO4,A2R7F3TSU5BL1,Approved,Sat Mar 24 14:19:58 PDT 2018,Sat Mar 24 13:42:17 PDT 2018,Sat Mar 24 14:19:53 PDT 2018,Sat Mar 24 14:20:37 PDT 2018,,,,
3WJGKMRWVI9L0ARR9VU4U5TG12DCDY,3S942EFUVJDXQLKG9BRR77GMILFJEA,Betting Game,"This HIT takes about 20 minutes. You will a series of betting games. You will decide which bet to make based on observing possible outcomes for different bets. This pays $0.25 plus a bonus of up to $9.99, based on your winnings.","experiment, decision-making, reward-maximization",$0.25 ,Sat Mar 24 13:41:31 PDT 2018,100,0,0,100,Reviewable,NotReviewed,https://cocosci.berkeley.edu/mturk/paul/mouselab_journalArticle/index.html,7200,5,Sat Apr 07 13:41:31 PDT 2018,https://requester.mturk.com/mturk/manageHIT?HITId=3WJGKMRWVI9L0ARR9VU4U5TG12DCDY,3QXNC7EIPIVSQCHOB21K2S3DSQI909,AEHONA1BIY9JB,Approved,Sat Mar 24 14:21:24 PDT 2018,Sat Mar 24 13:42:25 PDT 2018,Sat Mar 24 14:21:19 PDT 2018,Sat Mar 24 14:21:37 PDT 2018,,,,
3WJGKMRWVI9L0ARR9VU4U5TG12DCDY,3S942EFUVJDXQLKG9BRR77GMILFJEA,Betting Game,"This HIT takes about 20 minutes. You will a series of betting games. You will decide which bet to make based on observing possible outcomes for different bets. This pays $0.25 plus a bonus of up to $9.99, based on your winnings.","experiment, decision-making, reward-maximization",$0.25 ,Sat Mar 24 13:41:31 PDT 2018,100,0,0,100,Reviewable,NotReviewed,https://cocosci.berkeley.edu/mturk/paul/mouselab_journalArticle/index.html,7200,5,Sat Apr 07 13:41:31 PDT 2018,https://requester.mturk.com/mturk/manageHIT?HITId=3WJGKMRWVI9L0ARR9VU4U5TG12DCDY,3E1QT0TDFP93J2FUA0KC808YUEI8IF,ACGZDI611LU0I,Approved,Sat Mar 24 14:23:10 PDT 2018,Sat Mar 24 14:04:14 PDT 2018,Sat Mar 24 14:23:05 PDT 2018,Sat Mar 24 14:23:37 PDT 2018,,,,
3WJGKMRWVI9L0ARR9VU4U5TG12DCDY,3S942EFUVJDXQLKG9BRR77GMILFJEA,Betting Game,"This HIT takes about 20 minutes. You will a series of betting games. You will decide which bet to make based on observing possible outcomes for different bets. This pays $0.25 plus a bonus of up to $9.99, based on your winnings.","experiment, decision-making, reward-maximization",$0.25 ,Sat Mar 24 13:41:31 PDT 2018,100,0,0,100,Reviewable,NotReviewed,https://cocosci.berkeley.edu/mturk/paul/mouselab_journalArticle/index.html,7200,5,Sat Apr 07 13:41:31 PDT 2018,https://requester.mturk.com/mturk/manageHIT?HITId=3WJGKMRWVI9L0ARR9VU4U5TG12DCDY,38JBBYETQOAQKWQ62E4869U10ZEE44,A1HKYY6XI2OHO1,Approved,Sat Mar 24 14:34:47 PDT 2018,Sat Mar 24 13:42:03 PDT 2018,Sat Mar 24 14:34:42 PDT 2018,Sat Mar 24 14:35:37 PDT 2018,,,,
3WJGKMRWVI9L0ARR9VU4U5TG12DCDY,3S942EFUVJDXQLKG9BRR77GMILFJEA,Betting Game,"This HIT takes about 20 minutes. You will a series of betting games. You will decide which bet to make based on observing possible outcomes for different bets. This pays $0.25 plus a bonus of up to $9.99, based on your winnings.","experiment, decision-making, reward-maximization",$0.25 ,Sat Mar 24 13:41:31 PDT 2018,100,0,0,100,Reviewable,NotReviewed,https://cocosci.berkeley.edu/mturk/paul/mouselab_journalArticle/index.html,7200,5,Sat Apr 07 13:41:31 PDT 2018,https://requester.mturk.com/mturk/manageHIT?HITId=3WJGKMRWVI9L0ARR9VU4U5TG12DCDY,3KB8R4ZV1E78P976NO4JEQLJN7ABGO,A11TREGDHSUSJW,Approved,Sat Mar 24 14:35:10 PDT 2018,Sat Mar 24 13:42:04 PDT 2018,Sat Mar 24 14:35:05 PDT 2018,Sat Mar 24 14:35:37 PDT 2018,,,,
3WJGKMRWVI9L0ARR9VU4U5TG12DCDY,3S942EFUVJDXQLKG9BRR77GMILFJEA,Betting Game,"This HIT takes about 20 minutes. You will a series of betting games. You will decide which bet to make based on observing possible outcomes for different bets. This pays $0.25 plus a bonus of up to $9.99, based on your winnings.","experiment, decision-making, reward-maximization",$0.25 ,Sat Mar 24 13:41:31 PDT 2018,100,0,0,100,Reviewable,NotReviewed,https://cocosci.berkeley.edu/mturk/paul/mouselab_journalArticle/index.html,7200,5,Sat Apr 07 13:41:31 PDT 2018,https://requester.mturk.com/mturk/manageHIT?HITId=3WJGKMRWVI9L0ARR9VU4U5TG12DCDY,3E13VNJ1NNVL82V9BFBXTQLQG8C1IO,A2JP9IKRHNLRPI,Approved,Sat Mar 24 14:36:12 PDT 2018,Sat Mar 24 14:18:13 PDT 2018,Sat Mar 24 14:36:07 PDT 2018,Sat Mar 24 14:36:37 PDT 2018,,,,
3WJGKMRWVI9L0ARR9VU4U5TG12DCDY,3S942EFUVJDXQLKG9BRR77GMILFJEA,Betting Game,"This HIT takes about 20 minutes. You will a series of betting games. You will decide which bet to make based on observing possible outcomes for different bets. This pays $0.25 plus a bonus of up to $9.99, based on your winnings.","experiment, decision-making, reward-maximization",$0.25 ,Sat Mar 24 13:41:31 PDT 2018,100,0,0,100,Reviewable,NotReviewed,https://cocosci.berkeley.edu/mturk/paul/mouselab_journalArticle/index.html,7200,5,Sat Apr 07 13:41:31 PDT 2018,https://requester.mturk.com/mturk/manageHIT?HITId=3WJGKMRWVI9L0ARR9VU4U5TG12DCDY,3VBEN272MKZ76VO8YAQE4FVJRVWGSU,A3N7R7P9HP2YB6,Approved,Sat Mar 24 14:38:33 PDT 2018,Sat Mar 24 13:42:20 PDT 2018,Sat Mar 24 14:38:28 PDT 2018,Sat Mar 24 14:38:37 PDT 2018,,,,
3WJGKMRWVI9L0ARR9VU4U5TG12DCDY,3S942EFUVJDXQLKG9BRR77GMILFJEA,Betting Game,"This HIT takes about 20 minutes. You will a series of betting games. You will decide which bet to make based on observing possible outcomes for different bets. This pays $0.25 plus a bonus of up to $9.99, based on your winnings.","experiment, decision-making, reward-maximization",$0.25 ,Sat Mar 24 13:41:31 PDT 2018,100,0,0,100,Reviewable,NotReviewed,https://cocosci.berkeley.edu/mturk/paul/mouselab_journalArticle/index.html,7200,5,Sat Apr 07 13:41:31 PDT 2018,https://requester.mturk.com/mturk/manageHIT?HITId=3WJGKMRWVI9L0ARR9VU4U5TG12DCDY,326O153BMIY3KS9ZVP519DO7DC7EDH,A8KX1HFH8NE2Q,Approved,Sat Mar 24 14:50:27 PDT 2018,Sat Mar 24 13:43:38 PDT 2018,Sat Mar 24 14:50:22 PDT 2018,Sat Mar 24 14:50:37 PDT 2018,,,,
3WJGKMRWVI9L0ARR9VU4U5TG12DCDY,3S942EFUVJDXQLKG9BRR77GMILFJEA,Betting Game,"This HIT takes about 20 minutes. You will a series of betting games. You will decide which bet to make based on observing possible outcomes for different bets. This pays $0.25 plus a bonus of up to $9.99, based on your winnings.","experiment, decision-making, reward-maximization",$0.25 ,Sat Mar 24 13:41:31 PDT 2018,100,0,0,100,Reviewable,NotReviewed,https://cocosci.berkeley.edu/mturk/paul/mouselab_journalArticle/index.html,7200,5,Sat Apr 07 13:41:31 PDT 2018,https://requester.mturk.com/mturk/manageHIT?HITId=3WJGKMRWVI9L0ARR9VU4U5TG12DCDY,3Z2R0DQ0JHEGHIBJY0LKDUX3GLI2EW,A1DWQO9X2ZQ35G,Approved,Sat Mar 24 14:51:28 PDT 2018,Sat Mar 24 13:43:58 PDT 2018,Sat Mar 24 14:51:23 PDT 2018,Sat Mar 24 14:51:37 PDT 2018,,,,
3WJGKMRWVI9L0ARR9VU4U5TG12DCDY,3S942EFUVJDXQLKG9BRR77GMILFJEA,Betting Game,"This HIT takes about 20 minutes. You will a series of betting games. You will decide which bet to make based on observing possible outcomes for different bets. This pays $0.25 plus a bonus of up to $9.99, based on your winnings.","experiment, decision-making, reward-maximization",$0.25 ,Sat Mar 24 13:41:31 PDT 2018,100,0,0,100,Reviewable,NotReviewed,https://cocosci.berkeley.edu/mturk/paul/mouselab_journalArticle/index.html,7200,5,Sat Apr 07 13:41:31 PDT 2018,https://requester.mturk.com/mturk/manageHIT?HITId=3WJGKMRWVI9L0ARR9VU4U5TG12DCDY,35GCEFQ6I5O3DVYYYND2HE3DA5R3ZE,A3CDJ8PZX578GQ,Approved,Sat Mar 24 14:53:18 PDT 2018,Sat Mar 24 13:44:39 PDT 2018,Sat Mar 24 14:53:13 PDT 2018,Sat Mar 24 14:53:37 PDT 2018,,,,
3WJGKMRWVI9L0ARR9VU4U5TG12DCDY,3S942EFUVJDXQLKG9BRR77GMILFJEA,Betting Game,"This HIT takes about 20 minutes. You will a series of betting games. You will decide which bet to make based on observing possible outcomes for different bets. This pays $0.25 plus a bonus of up to $9.99, based on your winnings.","experiment, decision-making, reward-maximization",$0.25 ,Sat Mar 24 13:41:31 PDT 2018,100,0,0,100,Reviewable,NotReviewed,https://cocosci.berkeley.edu/mturk/paul/mouselab_journalArticle/index.html,7200,5,Sat Apr 07 13:41:31 PDT 2018,https://requester.mturk.com/mturk/manageHIT?HITId=3WJGKMRWVI9L0ARR9VU4U5TG12DCDY,39GXDJN2OTE858ZU97JVNPYS2GD8VB,A2OVX9UW5WANQE,Approved,Sat Mar 24 14:54:00 PDT 2018,Sat Mar 24 13:42:04 PDT 2018,Sat Mar 24 14:53:55 PDT 2018,Sat Mar 24 14:54:37 PDT 2018,,,,
3WJGKMRWVI9L0ARR9VU4U5TG12DCDY,3S942EFUVJDXQLKG9BRR77GMILFJEA,Betting Game,"This HIT takes about 20 minutes. You will a series of betting games. You will decide which bet to make based on observing possible outcomes for different bets. This pays $0.25 plus a bonus of up to $9.99, based on your winnings.","experiment, decision-making, reward-maximization",$0.25 ,Sat Mar 24 13:41:31 PDT 2018,100,0,0,100,Reviewable,NotReviewed,https://cocosci.berkeley.edu/mturk/paul/mouselab_journalArticle/index.html,7200,5,Sat Apr 07 13:41:31 PDT 2018,https://requester.mturk.com/mturk/manageHIT?HITId=3WJGKMRWVI9L0ARR9VU4U5TG12DCDY,33IZTU6J811ISHJYNKQIS1VEULSSXY,A1WL3NZ50YEOWP,Approved,Sat Mar 24 15:05:19 PDT 2018,Sat Mar 24 14:06:37 PDT 2018,Sat Mar 24 15:05:14 PDT 2018,Sat Mar 24 15:05:37 PDT 2018,,,,
3WJGKMRWVI9L0ARR9VU4U5TG12DCDY,3S942EFUVJDXQLKG9BRR77GMILFJEA,Betting Game,"This HIT takes about 20 minutes. You will a series of betting games. You will decide which bet to make based on observing possible outcomes for different bets. This pays $0.25 plus a bonus of up to $9.99, based on your winnings.","experiment, decision-making, reward-maximization",$0.25 ,Sat Mar 24 13:41:31 PDT 2018,100,0,0,100,Reviewable,NotReviewed,https://cocosci.berkeley.edu/mturk/paul/mouselab_journalArticle/index.html,7200,5,Sat Apr 07 13:41:31 PDT 2018,https://requester.mturk.com/mturk/manageHIT?HITId=3WJGKMRWVI9L0ARR9VU4U5TG12DCDY,3D4CH1LGEATP1GS9P4QNNKQTZ779GC,A37S96RT1P1IT2,Approved,Sat Mar 24 16:05:36 PDT 2018,Sat Mar 24 15:45:00 PDT 2018,Sat Mar 24 16:05:31 PDT 2018,Sat Mar 24 16:05:37 PDT 2018,,,,
3WJGKMRWVI9L0ARR9VU4U5TG12DCDY,3S942EFUVJDXQLKG9BRR77GMILFJEA,Betting Game,"This HIT takes about 20 minutes. You will a series of betting games. You will decide which bet to make based on observing possible outcomes for different bets. This pays $0.25 plus a bonus of up to $9.99, based on your winnings.","experiment, decision-making, reward-maximization",$0.25 ,Sat Mar 24 13:41:31 PDT 2018,100,0,0,100,Reviewable,NotReviewed,https://cocosci.berkeley.edu/mturk/paul/mouselab_journalArticle/index.html,7200,5,Sat Apr 07 13:41:31 PDT 2018,https://requester.mturk.com/mturk/manageHIT?HITId=3WJGKMRWVI9L0ARR9VU4U5TG12DCDY,3483FV8BEEJC43I4SI2M165QZNX26E,AV22FQTJNBUZT,Approved,Sat Mar 24 16:13:36 PDT 2018,Sat Mar 24 15:44:19 PDT 2018,Sat Mar 24 16:13:31 PDT 2018,Sat Mar 24 16:13:37 PDT 2018,,,,
3WJGKMRWVI9L0ARR9VU4U5TG12DCDY,3S942EFUVJDXQLKG9BRR77GMILFJEA,Betting Game,"This HIT takes about 20 minutes. You will a series of betting games. You will decide which bet to make based on observing possible outcomes for different bets. This pays $0.25 plus a bonus of up to $9.99, based on your winnings.","experiment, decision-making, reward-maximization",$0.25 ,Sat Mar 24 13:41:31 PDT 2018,100,0,0,100,Reviewable,NotReviewed,https://cocosci.berkeley.edu/mturk/paul/mouselab_journalArticle/index.html,7200,5,Sat Apr 07 13:41:31 PDT 2018,https://requester.mturk.com/mturk/manageHIT?HITId=3WJGKMRWVI9L0ARR9VU4U5TG12DCDY,39ZSFO5CA8WXCA6DVL6HGT5N4K1JUK,A38NKLE8WK7RKY,Approved,Sat Mar 24 16:17:02 PDT 2018,Sat Mar 24 15:39:41 PDT 2018,Sat Mar 24 16:16:57 PDT 2018,Sat Mar 24 16:17:37 PDT 2018,,,,
3WJGKMRWVI9L0ARR9VU4U5TG12DCDY,3S942EFUVJDXQLKG9BRR77GMILFJEA,Betting Game,"This HIT takes about 20 minutes. You will a series of betting games. You will decide which bet to make based on observing possible outcomes for different bets. This pays $0.25 plus a bonus of up to $9.99, based on your winnings.","experiment, decision-making, reward-maximization",$0.25 ,Sat Mar 24 13:41:31 PDT 2018,100,0,0,100,Reviewable,NotReviewed,https://cocosci.berkeley.edu/mturk/paul/mouselab_journalArticle/index.html,7200,5,Sat Apr 07 13:41:31 PDT 2018,https://requester.mturk.com/mturk/manageHIT?HITId=3WJGKMRWVI9L0ARR9VU4U5TG12DCDY,324G5B4FB38OCTTVW530OWC7X0X70Y,A94DL4GI8ZBUO,Approved,Sat Mar 24 16:23:21 PDT 2018,Sat Mar 24 15:43:17 PDT 2018,Sat Mar 24 16:23:16 PDT 2018,Sat Mar 24 16:23:37 PDT 2018,,,,
3WJGKMRWVI9L0ARR9VU4U5TG12DCDY,3S942EFUVJDXQLKG9BRR77GMILFJEA,Betting Game,"This HIT takes about 20 minutes. You will a series of betting games. You will decide which bet to make based on observing possible outcomes for different bets. This pays $0.25 plus a bonus of up to $9.99, based on your winnings.","experiment, decision-making, reward-maximization",$0.25 ,Sat Mar 24 13:41:31 PDT 2018,100,0,0,100,Reviewable,NotReviewed,https://cocosci.berkeley.edu/mturk/paul/mouselab_journalArticle/index.html,7200,5,Sat Apr 07 13:41:31 PDT 2018,https://requester.mturk.com/mturk/manageHIT?HITId=3WJGKMRWVI9L0ARR9VU4U5TG12DCDY,3B3WTRP3DB2ZMMK2QP5YLGWSPO292T,A3MD34XEB4H6JF,Approved,Sat Mar 24 16:30:52 PDT 2018,Sat Mar 24 15:43:06 PDT 2018,Sat Mar 24 16:30:47 PDT 2018,Sat Mar 24 16:31:37 PDT 2018,,,,
3WJGKMRWVI9L0ARR9VU4U5TG12DCDY,3S942EFUVJDXQLKG9BRR77GMILFJEA,Betting Game,"This HIT takes about 20 minutes. You will a series of betting games. You will decide which bet to make based on observing possible outcomes for different bets. This pays $0.25 plus a bonus of up to $9.99, based on your winnings.","experiment, decision-making, reward-maximization",$0.25 ,Sat Mar 24 13:41:31 PDT 2018,100,0,0,100,Reviewable,NotReviewed,https://cocosci.berkeley.edu/mturk/paul/mouselab_journalArticle/index.html,7200,5,Sat Apr 07 13:41:31 PDT 2018,https://requester.mturk.com/mturk/manageHIT?HITId=3WJGKMRWVI9L0ARR9VU4U5TG12DCDY,3HQUKB7LNFEWGI537MWXL10IXKVHHC,A2AWBDW9V1E9KT,Approved,Sat Mar 24 16:37:01 PDT 2018,Sat Mar 24 15:45:11 PDT 2018,Sat Mar 24 16:36:56 PDT 2018,Sat Mar 24 16:37:37 PDT 2018,,,,